timestamp,distance,group
0,6.7063516756240773,10.0
900,7.3694444561162573,10.0
1800,7.647189845188743,10.0
2700,7.7118342215024178,10.0
3600,7.5530572718648958,10.0
4500,7.7303527218744428,10.0
5400,7.731548828296738,10.0
6300,7.5787126963366838,10.0
7200,7.5394112707382561,10.0
8100,7.566347927327314,10.0
9000,7.5809008261974835,10.0
9900,7.7319919425553927,10.0
10800,7.7294389046424792,10.0
11700,7.5178517328990484,10.0
12600,7.5456558592776677,10.0
13500,7.5318517781579271,10.0
14400,7.7317432707398908,10.0
15300,7.7323143933856944,10.0
16200,7.7313179729259556,10.0
17100,7.567498486340746,10.0
18000,7.7315035615834917,10.0
18900,7.5139380966880909,10.0
19800,7.5216521097434939,10.0
20700,7.5924844769500908,10.0
21600,7.5860476715587275,10.0
22500,6.7077433703897018,10.0
23400,6.6559794863560722,10.0
24300,2.8371392635375337,10.0
25200,0.73041567089332349,10.0
26100,0.73800121757441162,10.0
27000,0.54417890204281627,10.0
27900,0.4557560016703619,10.0
28800,0.52020535419013325,10.0
29700,0.52825122974406269,10.0
30600,0.52933122810601796,10.0
31500,0.51689533735720727,10.0
32400,0.50156040831575677,10.0
33300,0.46713574947758513,10.0
34200,0.52324011940928683,10.0
35100,0.54875859103159308,10.0
36000,0.50818088690360674,10.0
36900,0.51259893971210913,10.0
37800,0.48651399977132909,10.0
38700,0.44747087237262473,10.0
39600,0.38661025852241881,10.0
40500,0.37875300805792628,10.0
41400,0.37431372524923279,10.0
42300,0.31640932844219954,10.0
43200,0.33499631018256754,10.0
44100,0.27226034806681693,10.0
45000,0.27145560234030963,10.0
45900,0.26893262110367089,10.0
46800,0.33579460095527269,10.0
47700,0.32610909945393007,10.0
48600,0.27864295498312919,10.0
49500,0.28668222156716827,10.0
50400,0.3120663178205777,10.0
51300,0.29038727845805046,10.0
52200,0.38332510717475538,10.0
53100,0.44310833400963301,10.0
54000,0.4518083500804444,10.0
54900,0.4758863705349472,10.0
55800,0.53560970892857918,10.0
56700,0.58063976043425014,10.0
57600,0.6700873896088867,10.0
58500,2.9415363326291897,10.0
59400,6.5444035342343909,10.0
60300,7.3030095529207744,10.0
61200,7.1447723330527069,10.0
62100,6.4823314990760714,10.0
63000,6.6364675734567387,10.0
63900,6.649095541936429,10.0
64800,6.5488911397448328,10.0
65700,6.5636434729669917,10.0
66600,6.5793549259852036,10.0
67500,6.5471757729393181,10.0
68400,6.6495647538897815,10.0
69300,7.050518162304809,10.0
70200,7.2186473080367524,10.0
71100,7.2015408708597857,10.0
72000,7.2072242452003383,10.0
72900,7.3115493995554601,10.0
73800,7.3073041665060048,10.0
74700,7.3097842857833761,10.0
75600,7.3042358852265235,10.0
76500,7.3298070929544501,10.0
77400,7.2763557355324631,10.0
78300,7.2964499124660316,10.0
79200,7.2775215750900752,10.0
80100,6.9162114232231762,10.0
81000,6.526375569207671,10.0
81900,6.099137813868559,10.0
82800,6.7889200982049402,10.0
83700,6.787440681636018,10.0
84600,6.7884283852459983,10.0
85500,6.7868208378601338,10.0
86400,6.7759829052495917,10.0
87300,6.7761176670466234,10.0
88200,6.7777697246236208,10.0
89100,6.7796030511949308,10.0
90000,6.785967822148943,10.0
90900,6.7868550080796917,10.0
91800,6.7704539248010569,10.0
92700,6.788337108934833,10.0
93600,6.7870540022164789,10.0
94500,6.7873966974489948,10.0
95400,6.7803320121203683,10.0
96300,6.7734680885694134,10.0
97200,6.765409262511362,10.0
98100,6.7869372580243361,10.0
99000,6.7726659198908683,10.0
99900,6.7861751139019422,10.0
100800,6.7813763224583301,10.0
101700,6.7642826126373539,10.0
102600,6.7869560759384795,10.0
103500,6.7879654340992737,10.0
104400,6.7877593945324461,10.0
105300,6.7881502159794822,10.0
106200,6.7777155250447549,10.0
107100,6.7832217703184678,10.0
108000,5.5644203038588724,10.0
108900,5.7797983416940513,10.0
109800,4.8988003130660172,10.0
110700,0.95073023669222312,10.0
111600,0.44456301046705859,10.0
112500,0.42829970130440631,10.0
113400,0.39834101446737014,10.0
114300,0.37919823148643256,10.0
115200,0.3344908877086572,10.0
116100,0.33298272494820813,10.0
117000,0.34115237546145871,10.0
117900,0.3511025390778314,10.0
118800,0.35960725035529301,10.0
119700,0.38617571508032816,10.0
120600,0.31010901970963395,10.0
121500,0.31029104413097675,10.0
122400,0.30999551765796635,10.0
123300,0.27883517271053326,10.0
124200,0.3938581684636745,10.0
125100,0.43211913672002206,10.0
126000,0.42695653433208403,10.0
126900,0.44807836695725817,10.0
127800,0.43936351390129375,10.0
128700,0.41836572462520494,10.0
129600,0.45390269242356612,10.0
130500,0.4228217317806226,10.0
131400,0.47352767402757867,10.0
132300,0.46066365928088593,10.0
133200,0.43862724238218631,10.0
134100,0.45099615785040198,10.0
135000,0.41565877581217403,10.0
135900,0.4423610124231992,10.0
136800,0.43329233934398992,10.0
137700,0.49331598062152238,10.0
138600,0.56831200703683826,10.0
139500,0.5711154123333273,10.0
140400,0.56442239091386293,10.0
141300,0.68949846666669834,10.0
142200,0.68492261935689513,10.0
143100,0.7396081619178525,10.0
144000,0.75886408080786361,10.0
144900,0.78200217113360893,10.0
145800,1.2905840522918934,10.0
146700,1.7095349362698,10.0
147600,2.9661789773609879,10.0
148500,2.969265966802213,10.0
149400,2.9680242548854796,10.0
150300,2.9709690603645629,10.0
151200,3.1758255394715031,10.0
152100,3.1747159429567802,10.0
153000,3.153028530759812,10.0
153900,4.7729881368933302,10.0
154800,4.7828631470344725,10.0
155700,4.7780924991465081,10.0
156600,4.7736692571995016,10.0
157500,4.7581065232931268,10.0
158400,4.7804902894426169,10.0
159300,4.9033445387244532,10.0
160200,4.9957913271262608,10.0
161100,6.7745328583070119,10.0
162000,6.7575127564168476,10.0
162900,6.4147460429896679,10.0
163800,6.3345727070489968,10.0
164700,6.7832701856279858,10.0
165600,6.7395308594131027,10.0
166500,6.732049981434912,10.0
167400,6.7340293263891873,10.0
168300,6.7374369186036791,10.0
169200,6.7310135196927812,10.0
170100,6.7311194646402548,10.0
171000,6.7335115062228805,10.0
171900,6.7336626568470246,10.0
172800,7.9204503346656239,10.0
173700,7.7480914807767416,10.0
174600,7.9419388141304168,10.0
175500,7.9419337548146558,10.0
176400,7.9629593561970324,10.0
177300,7.9846267764366878,10.0
178200,7.9948761865512239,10.0
179100,8.0165649702727819,10.0
180000,8.0430463785816428,10.0
180900,8.015758434995643,10.0
181800,8.6059839918789471,10.0
182700,9.3257839014731623,10.0
183600,9.3255010908713345,10.0
184500,9.324377676286133,10.0
185400,9.3224719852612381,10.0
186300,9.3598468716661465,10.0
187200,9.3580580967153555,10.0
188100,9.3589757392736495,10.0
189000,9.3564462784693525,10.0
189900,9.3550244878908728,10.0
190800,9.3527166803633595,10.0
191700,9.3551603607076199,10.0
192600,9.353889149805596,10.0
193500,9.356784314136835,10.0
194400,9.356560782920333,10.0
195300,11.512247195331192,10.0
196200,11.519778020239967,10.0
197100,12.087304102570119,10.0
198000,13.320108880263028,10.0
198900,13.42028385091275,10.0
199800,13.361194468045159,10.0
200700,13.308590140068908,10.0
201600,13.321281316298588,10.0
202500,13.310377973056655,10.0
203400,13.310002571140137,10.0
204300,13.354587208240694,10.0
205200,13.35201234703506,10.0
206100,13.324089705588708,10.0
207000,13.302194713052284,10.0
207900,13.296767396291456,10.0
208800,13.289811682036074,10.0
209700,13.334592438968983,10.0
210600,13.360787152656259,10.0
211500,13.377556195124068,10.0
212400,13.20260160401854,10.0
213300,12.20267946453599,10.0
214200,12.164692186307825,10.0
215100,12.095817950399008,10.0
216000,12.03744306629258,10.0
216900,11.966232671860498,10.0
217800,12.029866915260822,10.0
218700,12.025633328807135,10.0
219600,12.022472507409741,10.0
220500,12.039230312226307,10.0
221400,12.03965117397988,10.0
222300,12.034296091908232,10.0
223200,12.02444609912844,10.0
224100,12.107747685510958,10.0
225000,12.526321736155735,10.0
225900,13.193342947304338,10.0
226800,14.05638161139948,10.0
227700,14.621791582385395,10.0
228600,15.877879660330599,10.0
229500,16.072659602295506,10.0
230400,15.02552458000747,10.0
231300,13.332355719797178,10.0
232200,12.440971039195134,10.0
233100,12.614154617328417,10.0
234000,13.313635891370934,10.0
234900,13.780511807788251,10.0
235800,15.265275922411147,10.0
236700,15.326880041809043,10.0
237600,15.322150093848254,10.0
238500,15.346254011403843,10.0
239400,15.361539485087718,10.0
240300,15.354422536461296,10.0
241200,15.350234933681453,10.0
242100,15.374478341856872,10.0
243000,15.363375833616836,10.0
243900,15.191596487486756,10.0
244800,16.352460956034292,10.0
245700,16.357953413895636,10.0
246600,17.03239755171775,10.0
247500,16.561750213867544,10.0
248400,16.596539706856944,10.0
249300,16.66201741729591,10.0
250200,14.682199730152309,10.0
251100,14.670856875309802,10.0
252000,14.675729887254528,10.0
252900,14.68101862718493,10.0
253800,14.73290590903764,10.0
254700,14.786565153876253,10.0
255600,14.757255815410325,10.0
256500,14.757577837099117,10.0
257400,14.664528168665301,10.0
258300,14.659148943672648,10.0
259200,14.664710244881096,10.0
260100,14.664801792384981,10.0
261000,14.664486930955002,10.0
261900,14.666652462288177,10.0
262800,14.693279839356759,10.0
263700,12.784396473555073,10.0
264600,12.492187888006708,10.0
265500,12.26332534823084,10.0
266400,11.80399722520799,10.0
267300,11.822665414543369,10.0
268200,11.815154959700109,10.0
269100,10.611896959588922,10.0
270000,9.4008951447955269,10.0
270900,9.3292541749829496,10.0
271800,9.2533395107142571,10.0
272700,9.2452678254807736,10.0
273600,9.2452645148017822,10.0
274500,9.2419018540862155,10.0
275400,9.242290690091945,10.0
276300,9.2400302492598438,10.0
277200,8.5175030315640985,10.0
278100,8.5166483798149812,10.0
279000,8.5067773347909306,10.0
279900,8.5037378532616792,10.0
280800,8.3610234398991778,10.0
281700,8.4492713549740976,10.0
282600,8.4630634240273714,10.0
283500,8.3101777238298524,10.0
284400,8.1807972977267092,10.0
285300,8.2177053290144855,10.0
286200,7.7146036518729524,10.0
287100,7.8428721272840072,10.0
288000,7.9795491761980735,10.0
288900,7.9688883715883172,10.0
289800,7.9683809039881002,10.0
290700,7.972188285431054,10.0
291600,7.9554918655713589,10.0
292500,7.9586742956185024,10.0
293400,8.2751433826169993,10.0
294300,8.2637315245625587,10.0
295200,7.9261359469510104,10.0
296100,7.9571077465510278,10.0
297000,7.9430236101935163,10.0
297900,7.9443462229399504,10.0
298800,7.9474520252966583,10.0
299700,8.0130228230605418,10.0
300600,8.1292905937413771,10.0
301500,7.8458783086881017,10.0
302400,7.8652634319349248,10.0
303300,6.7810308514336572,10.0
304200,6.8691773746615485,10.0
305100,7.2830539417315272,10.0
306000,7.5055584076819652,10.0
306900,7.4790328090007598,10.0
307800,7.5200900888399431,10.0
308700,7.474540623952624,10.0
309600,6.4530710725832829,10.0
310500,6.5572326487072168,10.0
311400,6.0239233373227457,10.0
312300,6.0192971261256876,10.0
313200,6.003233615176276,10.0
314100,4.8815502166989067,10.0
315000,5.439980416599199,10.0
315900,5.3660111439968574,10.0
316800,5.6859531400940186,10.0
317700,6.6928941791182588,10.0
318600,6.6832253912896089,10.0
319500,6.3754146036043284,10.0
320400,6.4110275298505091,10.0
321300,6.4745653017145752,10.0
322200,7.4303348279400474,10.0
323100,6.4485530661802066,10.0
324000,6.5559473488064572,10.0
324900,7.1789719189185996,10.0
325800,7.1841583773445494,10.0
326700,7.1913855400731777,10.0
327600,6.0116793765202825,10.0
328500,6.8640266404012795,10.0
329400,6.9951819077070265,10.0
330300,6.8192725217644181,10.0
331200,7.1962711204956058,10.0
332100,7.1952728573078835,10.0
333000,7.1911124247781997,10.0
333900,5.7861145026300242,10.0
334800,5.8093224457016852,10.0
335700,7.1957425589228592,10.0
336600,7.1932015318437426,10.0
337500,7.1989698233114376,10.0
338400,7.1942931028387065,10.0
339300,7.2150648284985879,10.0
340200,7.1583687179539046,10.0
341100,7.1864983718466959,10.0
342000,7.2020868764529684,10.0
342900,7.1546715300097024,10.0
343800,7.1620851459122328,10.0
344700,7.1520197948081066,10.0
345600,7.1439965922029991,10.0
346500,7.1299512514593477,10.0
347400,7.1537952545891157,10.0
348300,7.1638183738628669,10.0
349200,7.1453983309553415,10.0
350100,7.1436210121933961,10.0
351000,7.1684706997955869,10.0
351900,7.1579183924006351,10.0
352800,7.1551067630741887,10.0
353700,7.7249174606879203,10.0
354600,7.725259247031282,10.0
355500,7.7241599457270755,10.0
356400,7.7248199530065236,10.0
357300,7.7257191698153198,10.0
358200,7.7254183808560422,10.0
359100,7.7261527058104598,10.0
360000,7.7502828885391963,10.0
360900,7.758240694275079,10.0
361800,7.74036794708051,10.0
362700,7.7230755727672236,10.0
363600,7.719911121402923,10.0
364500,7.717294279324685,10.0
365400,7.7188552812054843,10.0
366300,7.7266641684377451,10.0
367200,7.7584354021633786,10.0
368100,7.7718008262646237,10.0
369000,6.4484888940243241,10.0
369900,6.7540359937427459,10.0
370800,6.750181343774079,10.0
371700,6.7558935439183978,10.0
372600,6.7559757901668069,10.0
373500,6.7533821897394954,10.0
374400,6.7534223867602421,10.0
375300,6.7519203596649469,10.0
376200,5.8512725874054174,10.0
377100,5.5920921720117942,10.0
378000,4.5230356115227393,10.0
378900,4.5135601989290492,10.0
379800,4.5960530288226202,10.0
380700,4.546764783268169,10.0
381600,4.5219307193432936,10.0
382500,4.5232339680776512,10.0
383400,3.3577746587553126,10.0
384300,3.3095338334113369,10.0
385200,4.1097062205304322,10.0
386100,3.3434468620110467,10.0
387000,4.5231698260787772,10.0
387900,1.7547747244641518,10.0
388800,1.9562099683173226,10.0
389700,1.9631654738353732,10.0
390600,1.9677601859962914,10.0
391500,1.1228349335860006,10.0
392400,1.2248147156561422,10.0
393300,2.5044222242831364,10.0
394200,2.3008494557624966,10.0
395100,1.6442053653653437,10.0
396000,1.6841996113133977,10.0
396900,1.6940311171653553,10.0
397800,1.7015345892649569,10.0
398700,1.7031687633769181,10.0
399600,1.6939635396528603,10.0
400500,2.0803654862675152,10.0
401400,2.1135002671864656,10.0
402300,2.0722713209504953,10.0
403200,2.7803053467163004,10.0
404100,3.3792360182625969,10.0
405000,4.1447678051736698,10.0
405900,6.2574449763914561,10.0
406800,6.7842992311528185,10.0
407700,6.7597478791148191,10.0
408600,6.7474894601063156,10.0
409500,6.6557112860313783,10.0
410400,6.773440789402362,10.0
411300,6.7617061259115303,10.0
412200,6.3186299697423092,10.0
413100,6.3073833903990115,10.0
414000,6.3130315301632329,10.0
414900,6.159908178163267,10.0
415800,6.1740302342307141,10.0
416700,6.3685110014994351,10.0
417600,7.5993922106309428,10.0
418500,7.5854227184613352,10.0
419400,7.7160285687995422,10.0
420300,7.7206005401979949,10.0
421200,6.2599881876624872,10.0
422100,6.3441980835001033,10.0
423000,6.4380662573697993,10.0
423900,6.3066576629728397,10.0
424800,6.4281397395741813,10.0
425700,6.3495219910612635,10.0
426600,6.3312227730563215,10.0
427500,6.3176874311224545,10.0
428400,6.3608476320385083,10.0
429300,6.3545384794698991,10.0
430200,6.314858583264721,10.0
431100,6.3116448962980858,10.0
432000,6.4572465478550942,10.0
432900,6.4534651821257869,10.0
433800,6.4448437134949117,10.0
434700,6.3170490960706864,10.0
435600,6.3160617823346898,10.0
436500,6.3004096552411877,10.0
437400,6.2999547351298739,10.0
438300,6.3005805599603821,10.0
439200,6.3185719421779467,10.0
440100,6.2999228803265002,10.0
441000,6.3212160895884679,10.0
441900,6.3148160175731167,10.0
442800,6.3237279463642597,10.0
443700,6.3712894833650378,10.0
444600,6.2995936975555962,10.0
445500,6.335053026093334,10.0
446400,6.4655749960265236,10.0
447300,6.348153057931377,10.0
448200,6.4670251768864855,10.0
449100,6.3529466977253684,10.0
450000,6.4697372844703294,10.0
450900,6.3989007030756966,10.0
451800,6.4441496135706702,10.0
452700,6.3430113791079457,10.0
453600,6.3390571855298008,10.0
454500,6.341909649299069,10.0
455400,5.857249055618146,10.0
456300,4.0008619104377416,10.0
457200,3.706165854085739,10.0
458100,3.0565422711309989,10.0
459000,2.3621271083794557,10.0
459900,1.976814865524537,10.0
460800,1.9767412052348594,10.0
461700,1.9752604767307451,10.0
462600,1.9751653087425813,10.0
463500,0.91362778744140793,10.0
464400,0.50200889607875476,10.0
465300,0.48313473834951792,10.0
466200,0.48995870759954346,10.0
467100,0.49912296945593937,10.0
468000,0.47356836565194793,10.0
468900,0.46679050845217851,10.0
469800,0.47869797333883501,10.0
470700,0.5364768642677803,10.0
471600,0.48602948112869959,10.0
472500,0.54915209711958046,10.0
473400,0.49885022890786601,10.0
474300,0.25069818357051754,10.0
475200,0.016040626400077647,10.0
476100,0.012917385122816122,10.0
477000,0.0060829401446422394,10.0
477900,0.010130036468861894,10.0
478800,0.015108708741054492,10.0
479700,0.009843449596994007,10.0
480600,0.012466692979653363,10.0
481500,0.20090716161092548,10.0
482400,0.070490362218101954,10.0
483300,0.076586989525509908,10.0
484200,0.074462166867260371,10.0
485100,0.042588209979734108,10.0
486000,0.074746196169743706,10.0
486900,0.10137856391584493,10.0
487800,0.16707192353151337,10.0
488700,0.16172390828639116,10.0
489600,0.41915753601753691,10.0
490500,1.0259659636309193,10.0
491400,2.9420792329604417,10.0
492300,4.0839363276881411,10.0
493200,4.4495259862693697,10.0
494100,4.710512718870997,10.0
495000,6.1333313083260936,10.0
495900,6.0490222707646844,10.0
496800,6.5734187942180906,10.0
497700,6.2437937066612168,10.0
498600,6.300416293093388,10.0
499500,6.9042613415749514,10.0
500400,6.8872331126360162,10.0
501300,6.908024273077678,10.0
502200,6.7584166292116272,10.0
503100,6.8002871626994619,10.0
504000,6.8568631246239677,10.0
504900,6.8136272912576441,10.0
505800,6.8069509320151198,10.0
506700,5.6957749803142104,10.0
507600,4.9191463124641057,10.0
508500,6.0929489953688289,10.0
509400,6.0707624952695181,10.0
510300,6.0958277990831409,10.0
511200,6.0455202570653137,10.0
512100,6.0594812681737071,10.0
513000,6.0291217230175853,10.0
513900,6.0421019569472465,10.0
514800,6.0157987975421001,10.0
515700,6.1274882827246326,10.0
516600,6.4496734842251167,10.0
517500,6.4541399964585846,10.0
518400,6.4426325679657435,10.0
519300,6.464652077621456,10.0
520200,6.4940659750300478,10.0
521100,6.476646593746505,10.0
522000,6.4931479843886208,10.0
522900,6.4444594611398927,10.0
523800,6.6444728702863838,10.0
524700,6.6868237159384467,10.0
525600,6.7766007590069748,10.0
526500,6.8141483976313602,10.0
527400,6.8586928970367129,10.0
528300,6.7794266245204113,10.0
529200,6.8082949153158534,10.0
530100,6.8656739399535072,10.0
531000,6.7845068449778596,10.0
531900,6.7908259817478651,10.0
532800,7.0047859419773735,10.0
533700,6.7940150918100057,10.0
534600,6.8021050499337754,10.0
535500,6.8545566380241665,10.0
536400,6.7914790755882724,10.0
537300,6.7760292810492828,10.0
538200,6.8599178780514087,10.0
539100,6.887949026991274,10.0
540000,6.7997531476521571,10.0
540900,6.8129263517715231,10.0
541800,6.7610888157979971,10.0
542700,6.4099145957598758,10.0
543600,5.3413824273111317,10.0
544500,5.479288822742058,10.0
545400,4.4946768630597571,10.0
546300,4.4846375120455573,10.0
547200,5.8815950093888736,10.0
548100,5.8912459009304836,10.0
549000,5.8742877992908618,10.0
549900,4.4917447167265525,10.0
550800,3.356398862441166,10.0
551700,3.3521153554510734,10.0
552600,3.3587786913743405,10.0
553500,3.3682128071684705,10.0
554400,3.2933984170489761,10.0
555300,3.2578592592057625,10.0
556200,3.2577997006085107,10.0
557100,3.2675441094183557,10.0
558000,3.2132277047278466,10.0
558900,0.78936256716436914,10.0
559800,0.52255303006774256,10.0
560700,0.52492137700729291,10.0
561600,0.160198382096221,10.0
562500,0.13832479031866884,10.0
563400,0.077465673742436819,10.0
564300,0.09629939382588476,10.0
565200,0.1031964036932633,10.0
566100,0.050362314816205109,10.0
567000,0.054914862646460894,10.0
567900,0.072456404306701097,10.0
568800,0.14514326187581378,10.0
569700,0.11875559114906942,10.0
570600,0.13404348382221787,10.0
571500,0.63335714262267839,10.0
572400,0.77220418605880892,10.0
573300,1.5758279246997913,10.0
574200,3.8551714717819316,10.0
575100,4.4068739113684234,10.0
576000,5.4740166435983397,10.0
576900,5.237318374233265,10.0
577800,5.618691076140709,10.0
578700,5.6764997292673964,10.0
579600,5.3624786517750431,10.0
580500,6.1024011261478037,10.0
581400,7.0927573116828864,10.0
582300,7.1184565537629414,10.0
583200,7.1079441700677926,10.0
584100,6.1685640222480522,10.0
585000,6.2336214646667933,10.0
585900,6.2446931669882817,10.0
586800,6.2028102208148876,10.0
587700,6.1643465015025507,10.0
588600,6.1556414602687735,10.0
589500,6.2305569928747051,10.0
590400,6.1567974896043527,10.0
591300,6.2491653237960421,10.0
592200,6.2329176022195281,10.0
593100,6.1692805800141031,10.0
594000,6.1630124586785708,10.0
594900,6.1987394673174485,10.0
595800,6.2369311608744047,10.0
596700,6.2355266795680624,10.0
597600,7.1484656363272521,10.0
598500,6.8976451768441418,10.0
599400,5.9896161524360458,10.0
600300,6.6376402641502938,10.0
601200,6.6267438441378843,10.0
602100,6.7031013065169089,10.0
603000,6.7871159502029901,10.0
603900,6.6820485657040294,10.0
0,5.2416096974532431,12.0
900,5.2259893248459921,12.0
1800,5.2270638989670983,12.0
2700,5.2326825349838622,12.0
3600,5.240373736254357,12.0
4500,5.2314103008478998,12.0
5400,5.2294665669911682,12.0
6300,5.2460985233617352,12.0
7200,5.2292629735764677,12.0
8100,5.2448762208544633,12.0
9000,5.2415171210339677,12.0
9900,5.2324949184804632,12.0
10800,5.2277597418191171,12.0
11700,5.2308704883362056,12.0
12600,5.2403835613674854,12.0
13500,5.2336937064035958,12.0
14400,5.2400978336364243,12.0
15300,5.2388390747970917,12.0
16200,5.1517357257977476,12.0
17100,5.154302707611099,12.0
18000,5.1816323504084565,12.0
18900,5.1768264043548768,12.0
19800,5.2457709156390484,12.0
20700,5.2807823875038009,12.0
21600,5.2728810328470299,12.0
22500,4.9543931178014304,12.0
23400,2.5179984794290782,12.0
24300,0.94915425273246479,12.0
25200,0.12193480603561872,12.0
26100,0.044974653553835502,12.0
27000,0.047533990776935181,12.0
27900,0.026735605747323192,12.0
28800,0.04332371930498214,12.0
29700,0.034910364738855212,12.0
30600,0.048851468852185428,12.0
31500,0.063986578839449429,12.0
32400,0.22689343795454917,12.0
33300,0.042847948041754888,12.0
34200,0.017727576413007647,12.0
35100,0.014043282687200577,12.0
36000,0.016152202460519523,12.0
36900,0.0085996807222912686,12.0
37800,0.034209685317548977,12.0
38700,0.47746108240504348,12.0
39600,0.93533034126103931,12.0
40500,2.4555346624033412,12.0
41400,2.6523698307441972,12.0
42300,3.1514134659464572,12.0
43200,3.1049369978365831,12.0
44100,2.6268179413530857,12.0
45000,2.6149122666156353,12.0
45900,3.0163429290568327,12.0
46800,3.1822986245731864,12.0
47700,3.1234014585078667,12.0
48600,3.1322604305301298,12.0
49500,4.8404452138124157,12.0
50400,5.0161322642694488,12.0
51300,5.724950154372384,12.0
52200,4.7449288265222016,12.0
53100,4.9656773446749725,12.0
54000,5.1850204287044228,12.0
54900,5.0046600354300832,12.0
55800,4.9492928033642771,12.0
56700,5.0157516818357539,12.0
57600,5.5088473744307196,12.0
58500,5.2308324518962035,12.0
59400,5.0502369435029149,12.0
60300,7.038571730290089,12.0
61200,6.9677679246737148,12.0
62100,6.9576405200291092,12.0
63000,6.916122905992677,12.0
63900,6.9359455991995569,12.0
64800,7.3812345613313388,12.0
65700,7.8434947503491061,12.0
66600,6.8661330609528033,12.0
67500,6.897076243668959,12.0
68400,6.8854724566591132,12.0
69300,6.050957685776317,12.0
70200,5.9391472652216821,12.0
71100,5.7500725696240442,12.0
72000,5.7484553951811987,12.0
72900,5.7225891857289035,12.0
73800,5.8012689998841909,12.0
74700,5.7780160558750451,12.0
75600,7.9284051790295109,12.0
76500,7.9048439218584337,12.0
77400,7.9090735656241868,12.0
78300,7.915031172054559,12.0
79200,7.9045667026778759,12.0
80100,7.9170950805320039,12.0
81000,7.9245430369201824,12.0
81900,7.935256408408546,12.0
82800,7.906897151725599,12.0
83700,7.9289668885642586,12.0
84600,7.9325093577008019,12.0
85500,7.9222419634337324,12.0
86400,7.917218140844124,12.0
87300,7.9288002844733594,12.0
88200,5.3303324278639233,12.0
89100,5.3563099559457674,12.0
90000,5.3338343992221171,12.0
90900,5.3361802231039022,12.0
91800,5.3368239633789107,12.0
92700,5.3371050927843724,12.0
93600,5.3391694070118723,12.0
94500,5.338933930820712,12.0
95400,5.3181160496870756,12.0
96300,5.3178469888426667,12.0
97200,5.321459037922522,12.0
98100,5.3371687369467447,12.0
99000,5.3339934599407295,12.0
99900,5.3310515937839265,12.0
100800,5.324563241482009,12.0
101700,5.3116648689346375,12.0
102600,5.3310874569861575,12.0
103500,5.3396001760333132,12.0
104400,5.326835987337466,12.0
105300,5.327355746494173,12.0
106200,5.2875635421480345,12.0
107100,5.3291056470130158,12.0
108000,5.2899795775075704,12.0
108900,5.6104715596824644,12.0
109800,5.220672695224029,12.0
110700,1.4006947404822145,12.0
111600,0.37130963911197473,12.0
112500,0.3763001825978522,12.0
113400,0.16325471383349849,12.0
114300,0.15780482272596802,12.0
115200,0.14958875567635702,12.0
116100,0.15796353357639836,12.0
117000,0.05084095014323084,12.0
117900,0.044709592468659333,12.0
118800,0.14500522748088443,12.0
119700,0.15209713679411715,12.0
120600,0.37824987224263434,12.0
121500,0.37104264087368816,12.0
122400,0.37575923137417983,12.0
123300,0.37479467891663754,12.0
124200,0.3799833498423516,12.0
125100,0.38738751215276612,12.0
126000,0.60893652624344297,12.0
126900,0.50629173151963136,12.0
127800,0.51065602704924717,12.0
128700,0.41366028029745922,12.0
129600,0.47281345025523352,12.0
130500,0.70922436590390125,12.0
131400,1.8806577052962792,12.0
132300,2.421286970965868,12.0
133200,2.3851301840765635,12.0
134100,2.4106756114104182,12.0
135000,2.4023370398742965,12.0
135900,3.149008088774496,12.0
136800,5.8561680748748648,12.0
137700,5.9057105830184851,12.0
138600,5.9290754633883704,12.0
139500,5.7486925714550345,12.0
140400,6.4018746248569114,12.0
141300,6.4104259610935035,12.0
142200,6.4353789596461866,12.0
143100,6.1371476506661047,12.0
144000,7.6186303131760527,12.0
144900,7.5004576904285818,12.0
145800,7.517846396448884,12.0
146700,7.5051380241887209,12.0
147600,8.3325852027134921,12.0
148500,9.0392976706488675,12.0
149400,9.3134621609763109,12.0
150300,9.33346198548257,12.0
151200,8.8586846015519924,12.0
152100,8.854885496922055,12.0
153000,9.8124312737216126,12.0
153900,9.7777083683901385,12.0
154800,9.8215023197086975,12.0
155700,9.8669851251319347,12.0
156600,10.16306966783425,12.0
157500,9.0630018962886201,12.0
158400,9.0392942438916197,12.0
159300,9.0277781942096045,12.0
160200,9.0151367812768264,12.0
161100,8.8818925213861206,12.0
162000,8.8305504412305673,12.0
162900,8.8588736995478641,12.0
163800,9.1662413222596513,12.0
164700,9.1720946010705902,12.0
165600,9.0352751518010841,12.0
166500,9.0373733750846732,12.0
167400,9.0408297430367011,12.0
168300,9.0428872745913775,12.0
169200,9.0434036743241197,12.0
170100,9.0489439936155094,12.0
171000,8.9472342405085232,12.0
171900,9.9355933872453939,12.0
172800,19.498304551568168,12.0
173700,19.47840822542485,12.0
174600,19.476116607333683,12.0
175500,19.479907420196351,12.0
176400,19.495347313667015,12.0
177300,19.496544501096718,12.0
178200,19.477669067886286,12.0
179100,19.477416325413735,12.0
180000,19.471896519137957,12.0
180900,19.494376582823389,12.0
181800,19.489215598121056,12.0
182700,19.483980049984506,12.0
183600,19.485133676527902,12.0
184500,19.481595954153043,12.0
185400,19.480375282782827,12.0
186300,19.478075026633405,12.0
187200,19.469031758929162,12.0
188100,19.47031099041072,12.0
189000,19.480450002877298,12.0
189900,19.49345430490629,12.0
190800,19.479967275256168,12.0
191700,19.486241255739294,12.0
192600,19.480307966474943,12.0
193500,19.424500479211584,12.0
194400,19.425002526813671,12.0
195300,19.455861524642046,12.0
196200,14.42700772137214,12.0
197100,14.314724435344999,12.0
198000,16.125543673121534,12.0
198900,15.451871460663432,12.0
199800,19.825893303139267,12.0
200700,19.862576217654667,12.0
201600,19.885908563050794,12.0
202500,19.903715204188828,12.0
203400,19.889348223829732,12.0
204300,18.87626858769854,12.0
205200,15.384801072344409,12.0
206100,15.665717374355646,12.0
207000,15.62401573207822,12.0
207900,15.573952628303331,12.0
208800,15.281183046671764,12.0
209700,15.529026414804694,12.0
210600,15.961341011988177,12.0
211500,17.457140953644267,12.0
212400,17.468321201251598,12.0
213300,17.340546190625176,12.0
214200,18.23637129379069,12.0
215100,17.968406896501229,12.0
216000,18.209313842004953,12.0
216900,18.201385763578593,12.0
217800,18.200621685647207,12.0
218700,18.218012169699804,12.0
219600,18.077968522714315,12.0
220500,20.478969353303466,12.0
221400,20.533122783643933,12.0
222300,17.8415948232829,12.0
223200,18.41957951722733,12.0
224100,17.76737402940789,12.0
225000,17.759863844579293,12.0
225900,16.794438391016357,12.0
226800,15.374458055525178,12.0
227700,13.919563942508097,12.0
228600,14.02770854843572,12.0
229500,14.0078828634926,12.0
230400,14.041698916788951,12.0
231300,14.002112489997295,12.0
232200,13.534699100319994,12.0
233100,13.780826493243655,12.0
234000,14.807998078282107,12.0
234900,15.373899656963534,12.0
235800,15.615655327859576,12.0
236700,15.705321880860117,12.0
237600,17.626952239239138,12.0
238500,17.468908828304901,12.0
239400,17.382143976716289,12.0
240300,17.384111806764921,12.0
241200,17.389794500121056,12.0
242100,17.353564307218676,12.0
243000,12.341529025824016,12.0
243900,12.314270713293949,12.0
244800,12.32143695227446,12.0
245700,12.358008984542446,12.0
246600,12.359429345907884,12.0
247500,12.358714137287439,12.0
248400,12.477835157827556,12.0
249300,13.29517338404087,12.0
250200,13.296596414986597,12.0
251100,13.351487096467432,12.0
252000,13.376420048805446,12.0
252900,13.182066973007252,12.0
253800,13.526225734868664,12.0
254700,13.60988166906561,12.0
255600,13.608178343428429,12.0
256500,14.833954871662748,12.0
257400,14.903065208766854,12.0
258300,14.881800836352905,12.0
259200,14.900480426102806,12.0
260100,14.920542029027077,12.0
261000,14.636184004245992,12.0
261900,14.051499082791882,12.0
262800,14.014619431431322,12.0
263700,13.888797897972722,12.0
264600,14.081979043474691,12.0
265500,14.081880064612109,12.0
266400,14.077758027281536,12.0
267300,14.073719114240577,12.0
268200,13.335760672916612,12.0
269100,13.487146337652524,12.0
270000,13.243906538105774,12.0
270900,13.14270750093959,12.0
271800,12.912167443194637,12.0
272700,12.805377568570805,12.0
273600,12.875473007908392,12.0
274500,12.857113250333587,12.0
275400,12.86892101785558,12.0
276300,12.861088936333145,12.0
277200,12.865506519549369,12.0
278100,12.865630693181206,12.0
279000,12.883224389005873,12.0
279900,12.887290628816485,12.0
280800,12.915228932431136,12.0
281700,12.934558568005299,12.0
282600,12.945825037143443,12.0
283500,12.886800705727584,12.0
284400,11.941991691382491,12.0
285300,11.927782762209265,12.0
286200,10.88310762120372,12.0
287100,10.766234426009724,12.0
288000,10.633659335704628,12.0
288900,10.626949752261631,12.0
289800,10.603118336375791,12.0
290700,10.601787382455832,12.0
291600,10.619294862105264,12.0
292500,10.61287362120914,12.0
293400,10.613544229904738,12.0
294300,10.794609882126782,12.0
295200,9.8986303433494154,12.0
296100,9.9342214995552123,12.0
297000,9.9413103215861796,12.0
297900,9.903995526545728,12.0
298800,9.905411681546024,12.0
299700,9.9928410226019384,12.0
300600,10.170032922739239,12.0
301500,10.184390154573276,12.0
302400,10.190745638375946,12.0
303300,10.466912113763382,12.0
304200,10.41070338386535,12.0
305100,10.071283183446598,12.0
306000,10.769685466938638,12.0
306900,10.612838598223885,12.0
307800,10.823238427893791,12.0
308700,10.059850753577663,12.0
309600,10.028999076699096,12.0
310500,10.014666718796107,12.0
311400,8.6411950519246794,12.0
312300,7.751917981882162,12.0
313200,7.7102990782715128,12.0
314100,7.681726127676165,12.0
315000,7.8239400188486137,12.0
315900,7.5532726859094979,12.0
316800,7.577521608740228,12.0
317700,7.4978417893133571,12.0
318600,7.4796855603764563,12.0
319500,7.6703529110459527,12.0
320400,7.3675061741692147,12.0
321300,7.2999379934100466,12.0
322200,7.3043148938753966,12.0
323100,7.2914342187387442,12.0
324000,7.5065872446990403,12.0
324900,7.5178754584068042,12.0
325800,7.5056888574146212,12.0
326700,7.9572500413580167,12.0
327600,7.7334823981708629,12.0
328500,7.6654842734771433,12.0
329400,7.6558075256702196,12.0
330300,7.6596335677508653,12.0
331200,7.6481656682078949,12.0
332100,7.6485611284473256,12.0
333000,7.6919410417622478,12.0
333900,7.4780146204582794,12.0
334800,7.4843758928986972,12.0
335700,7.4975481993378406,12.0
336600,7.4888807641948327,12.0
337500,7.2786117514599065,12.0
338400,7.2600178592372293,12.0
339300,7.7512885621465379,12.0
340200,7.799663408467862,12.0
341100,7.7994457305624225,12.0
342000,7.8123199694953795,12.0
342900,7.862172889599794,12.0
343800,7.7880226667822736,12.0
344700,7.878782493775411,12.0
345600,7.8563979454018087,12.0
346500,7.8766812829540802,12.0
347400,7.8716898322127058,12.0
348300,7.878498715347753,12.0
349200,7.8716732919273875,12.0
350100,7.8797827293848473,12.0
351000,7.8798961111957651,12.0
351900,7.8788338859829725,12.0
352800,7.8669845487427645,12.0
353700,7.8670917393793225,12.0
354600,7.8662095062750241,12.0
355500,7.8642990178685075,12.0
356400,7.8754081806485079,12.0
357300,7.8733993578888573,12.0
358200,7.8839508690031925,12.0
359100,7.8768504613363701,12.0
360000,7.8711039122135578,12.0
360900,7.8758355010832872,12.0
361800,7.8747782356177431,12.0
362700,7.8907172655147564,12.0
363600,7.8673537578796529,12.0
364500,7.868942773891404,12.0
365400,7.8742256570440556,12.0
366300,7.8751045246302906,12.0
367200,7.8882874240967924,12.0
368100,7.8837074606530564,12.0
369000,7.8747288527186194,12.0
369900,7.8780276406428555,12.0
370800,7.9107448737002377,12.0
371700,7.9243406998771606,12.0
372600,7.9235450077067169,12.0
373500,7.936347041657668,12.0
374400,5.1670635357109891,12.0
375300,5.7806928739640879,12.0
376200,5.9591402783829865,12.0
377100,6.2956988800669578,12.0
378000,6.5665748132552748,12.0
378900,6.6088556264134235,12.0
379800,6.6025112420919303,12.0
380700,6.6013834511223806,12.0
381600,6.6073832043613825,12.0
382500,6.6034633353897929,12.0
383400,6.4133650709813184,12.0
384300,6.4231239390533306,12.0
385200,6.2763804935071992,12.0
386100,1.5255125925408337,12.0
387000,0.59751358873670279,12.0
387900,0.31521397595971246,12.0
388800,0.16415778456597346,12.0
389700,0.1741197903630603,12.0
390600,0.16576038856644773,12.0
391500,0.12614783590238773,12.0
392400,0.15826287623948818,12.0
393300,0.15225291848947833,12.0
394200,0.13731191506620527,12.0
395100,0.12175574684305594,12.0
396000,0.12689383867285664,12.0
396900,0.058611801377434027,12.0
397800,0.070278021811139346,12.0
398700,0.061965833114824578,12.0
399600,0.058876400625977376,12.0
400500,0.059709864828544845,12.0
401400,0.073200530180837289,12.0
402300,0.10764485901790961,12.0
403200,0.32489164218262939,12.0
404100,0.58384232246305034,12.0
405000,1.5876082592929099,12.0
405900,3.0852636563743996,12.0
406800,4.6669536600443333,12.0
407700,4.737029760011966,12.0
408600,5.465007454866341,12.0
409500,5.5000599620323163,12.0
410400,5.5187764094907816,12.0
411300,5.5393680739769149,12.0
412200,4.7862927388967949,12.0
413100,4.772319156225417,12.0
414000,4.6689227868970491,12.0
414900,5.2680338610426443,12.0
415800,5.2128911739016406,12.0
416700,5.1979543033665951,12.0
417600,5.2029312456599968,12.0
418500,5.2017904880767967,12.0
419400,5.6416761242086251,12.0
420300,5.6290790510889392,12.0
421200,5.6302066167623588,12.0
422100,5.6352026475671364,12.0
423000,5.6330753837565544,12.0
423900,5.6255326930483402,12.0
424800,5.6441448316691822,12.0
425700,5.6308079779331619,12.0
426600,5.6297669005616218,12.0
427500,5.6452763705886957,12.0
428400,5.634872539044701,12.0
429300,5.6170631115884273,12.0
430200,5.6219747280292269,12.0
431100,5.6190529358543388,12.0
432000,5.6228552467766137,12.0
432900,5.6200173092571415,12.0
433800,5.6240928993971382,12.0
434700,5.6417131286084938,12.0
435600,5.6294389731180949,12.0
436500,5.6277139317144353,12.0
437400,5.6302902279561637,12.0
438300,5.6359134231224024,12.0
439200,5.6398391699848744,12.0
440100,5.6379688408605437,12.0
441000,5.6333767545131499,12.0
441900,5.6405651787756428,12.0
442800,5.641046453276874,12.0
443700,5.6448804605132752,12.0
444600,5.6290102914861828,12.0
445500,5.6428859009739929,12.0
446400,5.6410288844935055,12.0
447300,5.6355054956377,12.0
448200,5.6254132967062676,12.0
449100,5.6382067045553885,12.0
450000,5.6344136912504581,12.0
450900,5.6357522109227878,12.0
451800,5.6368013207247687,12.0
452700,5.6247979409453883,12.0
453600,5.6094972728772783,12.0
454500,5.3520842376728632,12.0
455400,4.3945924472054854,12.0
456300,3.1612018089470966,12.0
457200,3.1502769412938791,12.0
458100,3.1453434848001893,12.0
459000,3.0964764114660634,12.0
459900,3.0352457129697146,12.0
460800,3.0295874279301374,12.0
461700,3.0464437675554605,12.0
462600,3.0329492220008323,12.0
463500,3.0390172266899875,12.0
464400,3.0381240223703356,12.0
465300,3.037307442188296,12.0
466200,3.0485128292570502,12.0
467100,3.1767535714198747,12.0
468000,3.0985764464016921,12.0
468900,3.0755042074104861,12.0
469800,3.0660138929431495,12.0
470700,3.0539152147545146,12.0
471600,3.0734273175864497,12.0
472500,3.0686718476076433,12.0
473400,1.0201964067975116,12.0
474300,0.36099554084965479,12.0
475200,0.072933984353522358,12.0
476100,0.073935507944620199,12.0
477000,0.078361326136374337,12.0
477900,0.083503521751091547,12.0
478800,0.081357061921572285,12.0
479700,0.091407679277868373,12.0
480600,0.083501744466734196,12.0
481500,0.25282150236944012,12.0
482400,0.11029751139532869,12.0
483300,0.10951651526067956,12.0
484200,0.14555343767416068,12.0
485100,0.14988183088256413,12.0
486000,0.30433826178622936,12.0
486900,0.45912658234265302,12.0
487800,0.49411054737296667,12.0
488700,0.55965416423346059,12.0
489600,1.3418229676504767,12.0
490500,3.6990260892353151,12.0
491400,5.4327767454885612,12.0
492300,8.3491224614537405,12.0
493200,8.1765096153119359,12.0
494100,8.3777135432489089,12.0
495000,8.0513700955550309,12.0
495900,8.0608482411768119,12.0
496800,7.8579537100053747,12.0
497700,7.870800922854281,12.0
498600,7.8674475464695588,12.0
499500,7.8681408150752334,12.0
500400,7.8750720157491614,12.0
501300,7.861672549742182,12.0
502200,7.8532723487070415,12.0
503100,7.7753630363263033,12.0
504000,7.7089071714489856,12.0
504900,8.0140559242276268,12.0
505800,8.0150345123634015,12.0
506700,8.0871535846123166,12.0
507600,8.0819959593528967,12.0
508500,8.0996835280489083,12.0
509400,8.0759350723964261,12.0
510300,8.0861701473620347,12.0
511200,8.0885421765849177,12.0
512100,8.1224025682958825,12.0
513000,7.6305018999794818,12.0
513900,7.6234108277638075,12.0
514800,7.5071945012187955,12.0
515700,7.3856718125291199,12.0
516600,7.3774703955714616,12.0
517500,7.3703348008676937,12.0
518400,7.36148815565471,12.0
519300,7.3847614778394055,12.0
520200,7.3767520305391878,12.0
521100,7.3949396937497971,12.0
522000,7.3711166726301807,12.0
522900,7.3872579553995426,12.0
523800,7.4451895810586652,12.0
524700,7.4328277863190504,12.0
525600,7.4364545026717357,12.0
526500,7.5329167259627194,12.0
527400,7.5736507173375252,12.0
528300,7.4696545524820666,12.0
529200,7.4669307311000646,12.0
530100,7.5759481515264389,12.0
531000,7.4741201912299555,12.0
531900,7.4700378811119528,12.0
532800,7.5734811466825613,12.0
533700,7.4626469859304425,12.0
534600,7.4535289123456456,12.0
535500,7.564502616701783,12.0
536400,7.4630223280363603,12.0
537300,7.458206667820674,12.0
538200,7.5703074515685209,12.0
539100,7.5882162498213308,12.0
540000,7.4803119771682516,12.0
540900,7.482981903290872,12.0
541800,7.4735271396949958,12.0
542700,7.6099937027259426,12.0
543600,7.8479076368069673,12.0
544500,7.8564064449864031,12.0
545400,7.8308614020795604,12.0
546300,7.8229707113365254,12.0
547200,7.8024349359860734,12.0
548100,7.9039772455392008,12.0
549000,7.1443655144290394,12.0
549900,5.32190540219589,12.0
550800,5.7853626093940047,12.0
551700,5.7379285678413918,12.0
552600,5.6847994000297755,12.0
553500,5.7164642012699041,12.0
554400,5.7223669389025202,12.0
555300,5.7120517577666385,12.0
556200,5.9665953461520624,12.0
557100,5.9739829952870176,12.0
558000,3.4314489032504811,12.0
558900,1.9637291024352905,12.0
559800,1.1132385700315675,12.0
560700,0.48067853180413594,12.0
561600,0.12417010665326171,12.0
562500,0.1090103618128952,12.0
563400,0.09090668198731254,12.0
564300,0.094115463404566224,12.0
565200,0.090623249911529272,12.0
566100,0.10211661819656023,12.0
567000,0.12156594583433809,12.0
567900,0.11286740424454082,12.0
568800,0.23358766954200419,12.0
569700,0.2279551056482213,12.0
570600,0.21520098953306702,12.0
571500,0.25200012962743912,12.0
572400,0.25743355827165937,12.0
573300,0.43922827426471711,12.0
574200,0.44224580013103121,12.0
575100,0.4852438982956806,12.0
576000,0.6028251321844702,12.0
576900,1.6617364297959278,12.0
577800,3.1117456038565914,12.0
578700,4.7599846406788222,12.0
579600,4.6591641431466346,12.0
580500,4.753985598590539,12.0
581400,4.7907518844726207,12.0
582300,4.8006207604397115,12.0
583200,4.6941000746255463,12.0
584100,4.7299005383646664,12.0
585000,4.9157666189298999,12.0
585900,7.5574619328103863,12.0
586800,7.1273372674491666,12.0
587700,7.2111617504882011,12.0
588600,7.1267114611248319,12.0
589500,7.5603790235712838,12.0
590400,7.1117772379915678,12.0
591300,7.5523324523008917,12.0
592200,7.0032946307326736,12.0
593100,7.275647493062543,12.0
594000,7.4393548366469142,12.0
594900,7.7346731360118524,12.0
595800,7.8383232823090125,12.0
596700,7.8448473436438517,12.0
597600,7.7469855667495979,12.0
598500,7.19911797942577,12.0
599400,5.2403153131167501,12.0
600300,5.2457295565672348,12.0
601200,5.2256628865168828,12.0
602100,5.2323380965895279,12.0
603000,5.228806786033803,12.0
603900,5.224039524306809,12.0
0,0.0092912637621390803,23.0
900,0.016789256771155534,23.0
1800,0.010782197442592428,23.0
2700,0.013528431159449258,23.0
3600,0.01301908202501552,23.0
4500,0.011481599955477631,23.0
5400,0.011110527958965107,23.0
6300,0.010205348408091121,23.0
7200,0.010614952162986649,23.0
8100,0.011901867940084632,23.0
9000,0.010590887972731347,23.0
9900,0.010458515624261824,23.0
10800,0.012610786636040865,23.0
11700,0.013541449559484664,23.0
12600,0.01195246657390223,23.0
13500,0.011934765478184221,23.0
14400,0.012479158131143003,23.0
15300,0.011715778620292949,23.0
16200,0.021583910158669822,23.0
17100,0.012932631923531678,23.0
18000,0.014581047117018017,23.0
18900,0.016797836152625291,23.0
19800,0.016906480056850883,23.0
20700,0.010584639287296166,23.0
21600,0.011113392216180011,23.0
22500,0.012219058934631597,23.0
23400,0.013990381393142001,23.0
24300,0.010371558676511966,23.0
25200,0.010296854012925894,23.0
26100,0.021376137045080588,23.0
27000,0.024381488368160779,23.0
27900,0.023199262717109266,23.0
28800,0.018125694020840015,23.0
29700,0.0085294246230209064,23.0
30600,0.021287574240889881,23.0
31500,0.018865886114746731,23.0
32400,0.018958225801831721,23.0
33300,0.018267316498942178,23.0
34200,0.018836138683143967,23.0
35100,0.011930712919104546,23.0
36000,0.010287036224428114,23.0
36900,0.013685932428613141,23.0
37800,0.011300579876868127,23.0
38700,0.012033085087557429,23.0
39600,1.5971951861531657,23.0
40500,1.5962994888319662,23.0
41400,3.0178142510115391,23.0
42300,3.0090590040731895,23.0
43200,3.015551254347868,23.0
44100,3.0282066495711186,23.0
45000,2.9715431521703817,23.0
45900,3.0446284826600456,23.0
46800,3.2149387557625304,23.0
47700,3.2095471171564243,23.0
48600,3.2117120747932724,23.0
49500,3.2168003629086637,23.0
50400,3.2336090606338956,23.0
51300,3.2361255896652743,23.0
52200,3.2366897832272574,23.0
53100,3.2376667696341492,23.0
54000,3.2399478549617822,23.0
54900,3.5478416643006563,23.0
55800,3.2291565550185868,23.0
56700,3.0103651131803222,23.0
57600,3.0141552943536256,23.0
58500,3.0134251215192287,23.0
59400,3.0139351522359434,23.0
60300,3.0152831317518354,23.0
61200,2.977108589348453,23.0
62100,2.9708000373530599,23.0
63000,2.9389159582615747,23.0
63900,2.9151835505625834,23.0
64800,2.9143564745358335,23.0
65700,2.9165481888493003,23.0
66600,2.916449374033061,23.0
67500,2.9151014076838488,23.0
68400,2.9203121433989199,23.0
69300,2.0751865846860023,23.0
70200,0.41637149316132288,23.0
71100,0.012550600439427729,23.0
72000,0.016595415732559467,23.0
72900,0.67081036576345576,23.0
73800,0.15154910710312697,23.0
74700,0.33609611326465405,23.0
75600,0.59694323894858659,23.0
76500,0.018154118312561515,23.0
77400,0.026879668828509957,23.0
78300,0.01726029741909919,23.0
79200,0.015075409619139606,23.0
80100,0.011522231876729903,23.0
81000,0.013782734829091259,23.0
81900,0.013148559353153899,23.0
82800,0.01094565173758523,23.0
83700,0.022309148410356465,23.0
84600,0.01503194302383971,23.0
85500,0.01591357925581377,23.0
86400,0.014441102631965921,23.0
87300,0.013941293948181322,23.0
88200,0.01475173355735215,23.0
89100,0.018312783059334214,23.0
90000,0.017140261483050971,23.0
90900,0.013465972894492017,23.0
91800,0.015175055495291721,23.0
92700,0.014448640833021584,23.0
93600,0.0096745452415515805,23.0
94500,0.01794194858244394,23.0
95400,0.017798338449295494,23.0
96300,0.022650451693270346,23.0
97200,0.015559584539952181,23.0
98100,0.022657891841783521,23.0
99000,0.020298212642334251,23.0
99900,0.017176867329633281,23.0
100800,0.010721138962794561,23.0
101700,0.019303412753899622,23.0
102600,0.018374746199459162,23.0
103500,0.0090625720808749505,23.0
104400,0.019564627155482805,23.0
105300,0.0096110756802854479,23.0
106200,0.013377974918129941,23.0
107100,0.014466307952959761,23.0
108000,0.012802759763998812,23.0
108900,0.0096454591755235977,23.0
109800,0.0096177082056060383,23.0
110700,0.023845546985432495,23.0
111600,0.01299324638967804,23.0
112500,0.10748064331637117,23.0
113400,1.4566589578013327,23.0
114300,1.4646381027007598,23.0
115200,1.4564410057164037,23.0
116100,1.4227374989867536,23.0
117000,1.8311112881975506,23.0
117900,3.0454048928239237,23.0
118800,3.0473151626409054,23.0
119700,3.0457976810342964,23.0
120600,3.0455428801954421,23.0
121500,3.0465639369855388,23.0
122400,3.0479620623641832,23.0
123300,3.0483305222379107,23.0
124200,3.046613195674861,23.0
125100,3.0476782681933052,23.0
126000,2.4785302048613262,23.0
126900,2.4785802995203445,23.0
127800,2.616620700286715,23.0
128700,1.3775742361697576,23.0
129600,1.3760116267630518,23.0
130500,1.3813531102121259,23.0
131400,1.3742952905701638,23.0
132300,1.3714886629424494,23.0
133200,1.3774752269799535,23.0
134100,1.3751982997480037,23.0
135000,1.3711888667204959,23.0
135900,1.3754491782742568,23.0
136800,1.3763783165749279,23.0
137700,1.3784769799095522,23.0
138600,1.3757664661659892,23.0
139500,1.9362387580524256,23.0
140400,2.2378212253149119,23.0
141300,2.0678401067967873,23.0
142200,1.5489788337495694,23.0
143100,2.2480954218289546,23.0
144000,2.263090320737736,23.0
144900,1.6252886777207556,23.0
145800,1.3934875493990349,23.0
146700,1.3938256499713066,23.0
147600,1.8678513060748405,23.0
148500,1.7575306560895676,23.0
149400,2.7370040063952308,23.0
150300,2.660444430868147,23.0
151200,2.6713442361315289,23.0
152100,2.6731979726318507,23.0
153000,2.6546049293985989,23.0
153900,2.6626604110693801,23.0
154800,2.6711729697315336,23.0
155700,2.6608042752772709,23.0
156600,2.6713076175374759,23.0
157500,2.6749215454099713,23.0
158400,2.5386427276965153,23.0
159300,2.4908343832166735,23.0
160200,2.4267298711078205,23.0
161100,2.4529284467854575,23.0
162000,2.483203824191468,23.0
162900,2.4802972715070726,23.0
163800,2.5007000678371494,23.0
164700,7.1403209469526434,23.0
165600,7.5125094231029887,23.0
166500,7.7030037895339447,23.0
167400,7.603183522216959,23.0
168300,7.5073111332084803,23.0
169200,7.8384484902238407,23.0
170100,7.5053194358454522,23.0
171000,7.5036524737491321,23.0
171900,7.5072098582798956,23.0
172800,51.2119811061986,23.0
173700,51.205369230818143,23.0
174600,51.203789390223626,23.0
175500,51.213136774774142,23.0
176400,51.220315584565746,23.0
177300,51.215232029347597,23.0
178200,51.211340422397761,23.0
179100,51.214392782497207,23.0
180000,51.210012169756986,23.0
180900,51.21527545444043,23.0
181800,51.214990714235519,23.0
182700,51.220326795750665,23.0
183600,51.215275731424001,23.0
184500,51.208587703755718,23.0
185400,51.205597263808066,23.0
186300,51.207324420355363,23.0
187200,51.205739548682359,23.0
188100,51.214752772361891,23.0
189000,51.214845408869536,23.0
189900,51.207525119527482,23.0
190800,51.213550236037122,23.0
191700,51.212953401851884,23.0
192600,51.217429182973817,23.0
193500,51.212555930620042,23.0
194400,51.207128389571324,23.0
195300,51.2053787830069,23.0
196200,51.215459822646878,23.0
197100,51.206151754213238,23.0
198000,51.209864531714615,23.0
198900,51.211460176907593,23.0
199800,51.208558489029052,23.0
200700,51.212068754747925,23.0
201600,51.210778967777351,23.0
202500,51.209198318634876,23.0
203400,51.215247321496378,23.0
204300,51.216923372335032,23.0
205200,51.207537606165964,23.0
206100,51.202768716954722,23.0
207000,51.211119451464299,23.0
207900,51.460995512014087,23.0
208800,51.452132820646447,23.0
209700,51.472834717573136,23.0
210600,49.910641397422005,23.0
211500,47.324872186949051,23.0
212400,47.235311239036143,23.0
213300,47.225948545271208,23.0
214200,47.226147176863911,23.0
215100,47.221538910629945,23.0
216000,47.230351524752095,23.0
216900,47.230243153667089,23.0
217800,47.082161028614401,23.0
218700,46.97381598239275,23.0
219600,46.835892143759708,23.0
220500,46.792620695198671,23.0
221400,46.598310408456172,23.0
222300,46.235972104688656,23.0
223200,46.099275361840483,23.0
224100,45.640198225830851,23.0
225000,46.069578596609958,23.0
225900,48.136245978996122,23.0
226800,49.714630396634142,23.0
227700,51.191768361206037,23.0
228600,50.245779339745901,23.0
229500,50.257769209108453,23.0
230400,50.256193751910871,23.0
231300,50.256245374355785,23.0
232200,50.257038940244563,23.0
233100,50.254356516828409,23.0
234000,50.257129236142887,23.0
234900,50.256674188146377,23.0
235800,50.261813007102383,23.0
236700,50.493673456838309,23.0
237600,48.139159836910423,23.0
238500,47.97851472400572,23.0
239400,47.937886174552958,23.0
240300,47.740554699553982,23.0
241200,47.939020293809307,23.0
242100,47.743386092427222,23.0
243000,47.732628165144,23.0
243900,47.725604820466913,23.0
244800,47.786507926872176,23.0
245700,47.73939473944921,23.0
246600,47.765880291617641,23.0
247500,47.765588274382544,23.0
248400,47.863545735905284,23.0
249300,47.880631338694393,23.0
250200,47.721829949614701,23.0
251100,49.30625220900982,23.0
252000,51.757258498533645,23.0
252900,51.42119102076704,23.0
253800,50.74950314020036,23.0
254700,50.699697591332864,23.0
255600,50.638842075641655,23.0
256500,50.983949693920849,23.0
257400,51.088537925532009,23.0
258300,51.07925963859212,23.0
259200,51.078269053130668,23.0
260100,51.089874954787604,23.0
261000,51.082025212236196,23.0
261900,51.057495608882938,23.0
262800,51.050682125413203,23.0
263700,51.063524490728192,23.0
264600,51.066554434417355,23.0
265500,51.097039828221575,23.0
266400,51.1220839535466,23.0
267300,50.37359853779521,23.0
268200,50.352085419001348,23.0
269100,50.323726841467533,23.0
270000,50.288241732125982,23.0
270900,50.276943846568756,23.0
271800,50.245323800570738,23.0
272700,50.228210214725458,23.0
273600,50.237233899925847,23.0
274500,50.385118230681542,23.0
275400,50.384609366890707,23.0
276300,50.354965532121881,23.0
277200,50.302951964699091,23.0
278100,50.316193922724018,23.0
279000,50.372330876708745,23.0
279900,50.341751526823202,23.0
280800,50.38520310024947,23.0
281700,50.353779092836106,23.0
282600,50.272363227245592,23.0
283500,50.170719214629159,23.0
284400,50.169412375450037,23.0
285300,49.993695660545747,23.0
286200,49.947460025719245,23.0
287100,49.973407878336474,23.0
288000,49.970425034856419,23.0
288900,49.963254491531004,23.0
289800,49.9643571288874,23.0
290700,49.966684183955778,23.0
291600,49.892580011204181,23.0
292500,49.83233166890227,23.0
293400,49.834194112798585,23.0
294300,49.837698591927804,23.0
295200,49.835880868460627,23.0
296100,49.826950529798054,23.0
297000,49.828969659995678,23.0
297900,49.887962815795376,23.0
298800,49.893911376259943,23.0
299700,49.889321453386046,23.0
300600,49.888332511791845,23.0
301500,49.649886973053547,23.0
302400,49.606496675024637,23.0
303300,49.610505491640637,23.0
304200,50.39837473837251,23.0
305100,51.14474306146969,23.0
306000,45.524783237085018,23.0
306900,34.390787480899426,23.0
307800,22.137064843648094,23.0
308700,16.044987805203807,23.0
309600,5.0322252833953094,23.0
310500,2.8343790150337251,23.0
311400,2.7861366019064233,23.0
312300,0.56821105587172893,23.0
313200,0.016950428294118944,23.0
314100,0.030443118763748278,23.0
315000,0.019191659516795904,23.0
315900,0.02206950888336235,23.0
316800,0.026496370457376506,23.0
317700,0.021939781296650508,23.0
318600,0.026638808755498351,23.0
319500,0.018774521866924604,23.0
320400,0.013030990809540483,23.0
321300,0.017382281951663289,23.0
322200,0.049409027243530981,23.0
323100,0.068835718727175546,23.0
324000,0.02413845680784267,23.0
324900,0.052000212668645615,23.0
325800,0.44254843519654369,23.0
326700,0.43045695839047404,23.0
327600,0.37742428097049019,23.0
328500,0.05142690111138442,23.0
329400,0.050099446815545637,23.0
330300,0.054985718464357528,23.0
331200,0.016151543062592179,23.0
332100,0.0053329464719184556,23.0
333000,0.016145891919248617,23.0
333900,0.010764363980820498,23.0
334800,0.010293561787158827,23.0
335700,0.014487082907722063,23.0
336600,0.01540098294664221,23.0
337500,0.011106313140416144,23.0
338400,0.015907746439482211,23.0
339300,0.015903915053989418,23.0
340200,0.014227986551228547,23.0
341100,0.016734809756816918,23.0
342000,0.015757981942881347,23.0
342900,0.012408775864255473,23.0
343800,0.02006067667695946,23.0
344700,0.020450358379198973,23.0
345600,0.015991741997177032,23.0
346500,0.01679395080627416,23.0
347400,0.012229839146358383,23.0
348300,0.017554296716661495,23.0
349200,0.01688657582008065,23.0
350100,0.015617189811887165,23.0
351000,0.013927115799363433,23.0
351900,0.015355871760267835,23.0
352800,0.020029800057280441,23.0
353700,0.01149526654800709,23.0
354600,0.014556985118455591,23.0
355500,0.012412328840514745,23.0
356400,0.015773278334422998,23.0
357300,0.015507824138215475,23.0
358200,0.012915721305240213,23.0
359100,0.013461217777026975,23.0
360000,0.013180895889470847,23.0
360900,0.013564982182575156,23.0
361800,0.011874668343851237,23.0
362700,0.012326802788647674,23.0
363600,0.01494745570731576,23.0
364500,0.01613652390949577,23.0
365400,0.012010002097757322,23.0
366300,0.013439463725252551,23.0
367200,0.014170391119195701,23.0
368100,0.013013454405299338,23.0
369000,0.016653393679246169,23.0
369900,0.013928825240170306,23.0
370800,0.014461918187819819,23.0
371700,0.016490173493950291,23.0
372600,0.017284959196300877,23.0
373500,0.013039769967019582,23.0
374400,0.014032689576400175,23.0
375300,0.021784586118361503,23.0
376200,0.014709201540500493,23.0
377100,0.014843379082736233,23.0
378000,0.011200230037700164,23.0
378900,0.016833180252924806,23.0
379800,0.01716803646828792,23.0
380700,0.013684477716130027,23.0
381600,0.48052337750718205,23.0
382500,0.66495108800474068,23.0
383400,1.4435372992578233,23.0
384300,1.4424903335499977,23.0
385200,1.4637139755139799,23.0
386100,1.4783275513958651,23.0
387000,1.479062425082128,23.0
387900,0.51775430984458815,23.0
388800,0.21521213878261108,23.0
389700,0.21430572571686757,23.0
390600,0.21343395784151253,23.0
391500,0.20773969555185129,23.0
392400,0.2778898373207096,23.0
393300,0.29455064990599977,23.0
394200,0.30043256997171541,23.0
395100,0.36460164754790464,23.0
396000,0.36975962740824375,23.0
396900,0.34968563018575793,23.0
397800,0.47390056406077319,23.0
398700,0.46031737625634722,23.0
399600,0.62478589920499317,23.0
400500,0.47067921305893456,23.0
401400,0.47017646692685466,23.0
402300,0.48068022349311668,23.0
403200,1.498229879769978,23.0
404100,0.013743899833609168,23.0
405000,0.01536984534107488,23.0
405900,0.0045921290149616746,23.0
406800,0.0070971238660548124,23.0
407700,0.01109383250961706,23.0
408600,0.010477981565484771,23.0
409500,0.0082091719534982607,23.0
410400,0.0082928165612565236,23.0
411300,0.01199092147581066,23.0
412200,0.0092166594712405313,23.0
413100,0.0083770167211727649,23.0
414000,0.012234123896058002,23.0
414900,0.012655136115925131,23.0
415800,0.0056338861594366595,23.0
416700,0.010157927664950037,23.0
417600,0.0084155838786610527,23.0
418500,0.0081725550453925107,23.0
419400,0.0066447679026389959,23.0
420300,0.0065568018227820501,23.0
421200,0.0084177558519541121,23.0
422100,0.010451844259392822,23.0
423000,0.0076569409314345216,23.0
423900,0.0075488849551731303,23.0
424800,0.006600413922536289,23.0
425700,0.0062796636299620413,23.0
426600,0.0099006395163992802,23.0
427500,0.01091171723640778,23.0
428400,0.01093846342134888,23.0
429300,0.01248547505643131,23.0
430200,0.012412898428330267,23.0
431100,0.0059008079941434873,23.0
432000,0.010482893091124467,23.0
432900,0.004874463894724226,23.0
433800,0.0055365207586586147,23.0
434700,0.0052766037076080958,23.0
435600,0.0048582531192885815,23.0
436500,0.010379021428369061,23.0
437400,0.010276384220413336,23.0
438300,0.0078841098970357081,23.0
439200,0.0092751036721785904,23.0
440100,0.0060003911031942248,23.0
441000,0.0082710520666604455,23.0
441900,0.0045117911791070463,23.0
442800,0.0074906655108355671,23.0
443700,0.0038311627491133199,23.0
444600,0.0064373143417036129,23.0
445500,0.0055543056833919167,23.0
446400,0.0082485065706575829,23.0
447300,0.0075909681104618931,23.0
448200,0.0081373541877137606,23.0
449100,0.0079146742692224881,23.0
450000,0.0058142259726722025,23.0
450900,0.0040953832814150702,23.0
451800,0.0047046612775562885,23.0
452700,0.0077057729996134541,23.0
453600,0.0079608459702376465,23.0
454500,0.0070963419813726315,23.0
455400,0.0086920858143659831,23.0
456300,0.44707277276169893,23.0
457200,1.4069762540454218,23.0
458100,1.5086484173293568,23.0
459000,1.5095741390619204,23.0
459900,1.5086909262520654,23.0
460800,1.5089200471326589,23.0
461700,1.5080962786275438,23.0
462600,1.5081187240089573,23.0
463500,1.5071994819064856,23.0
464400,1.5533085486039959,23.0
465300,1.5507869979309743,23.0
466200,1.486710717293068,23.0
467100,1.4854672797400668,23.0
468000,1.5732206002122027,23.0
468900,1.4914382502883603,23.0
469800,1.5546249738859408,23.0
470700,1.4723860271001064,23.0
471600,1.370154831872582,23.0
472500,1.2782081414226165,23.0
473400,1.27460785322949,23.0
474300,1.2560765016058277,23.0
475200,1.2516280917773674,23.0
476100,1.2529602746473194,23.0
477000,1.2543101079503405,23.0
477900,0.01654925563343947,23.0
478800,0.020535344337818267,23.0
479700,0.0080640279638259128,23.0
480600,0.38731430335358086,23.0
481500,1.2612408736729628,23.0
482400,1.2563421082649182,23.0
483300,1.2545777311116781,23.0
484200,1.2544455254313669,23.0
485100,1.2763459653284723,23.0
486000,1.2769089876848472,23.0
486900,1.2742286797337705,23.0
487800,1.2746178921824702,23.0
488700,0.0099875494089573542,23.0
489600,0.50529773907559516,23.0
490500,0.33499121719764974,23.0
491400,0.0095541752456710545,23.0
492300,0.0072620136612953556,23.0
493200,0.013783437750736684,23.0
494100,0.0091778599483439381,23.0
495000,0.0074801599625444817,23.0
495900,0.016133783821892692,23.0
496800,0.014146362753091578,23.0
497700,0.0095346966444326241,23.0
498600,0.0094751358816761565,23.0
499500,0.0091096045426123668,23.0
500400,0.012340049605188339,23.0
501300,0.013275333491703852,23.0
502200,0.015632434340424543,23.0
503100,0.011531211114794396,23.0
504000,0.0077689550618026291,23.0
504900,0.011567370108311339,23.0
505800,0.0079026581278357853,23.0
506700,0.0071090130612618766,23.0
507600,0.0088837491447597752,23.0
508500,0.007906042174533414,23.0
509400,0.0095970584867648093,23.0
510300,0.0054741876875553028,23.0
511200,0.0039799323459441815,23.0
512100,0.0061699828537437485,23.0
513000,0.0077634380995338786,23.0
513900,0.011408384043443475,23.0
514800,0.0097529666410358928,23.0
515700,0.0072629576670068027,23.0
516600,0.0081011844935682791,23.0
517500,0.0047210957551648072,23.0
518400,0.0065352798724539534,23.0
519300,0.010774485594902572,23.0
520200,0.0058163872231921706,23.0
521100,0.0062078794788064072,23.0
522000,0.0095587445843522065,23.0
522900,0.012141386681628761,23.0
523800,0.0048202963538436687,23.0
524700,0.0054759940821899568,23.0
525600,0.011488437746546539,23.0
526500,0.0079094868792232275,23.0
527400,0.00640935445289347,23.0
528300,0.011190228002205264,23.0
529200,0.011954328053800149,23.0
530100,0.0061825089122094744,23.0
531000,0.011343805836382382,23.0
531900,0.010830870072677017,23.0
532800,0.0095543476324673575,23.0
533700,0.010668856217184466,23.0
534600,0.0046779035222614196,23.0
535500,0.0058641458058629687,23.0
536400,0.0068775119432453926,23.0
537300,0.0087132592971618378,23.0
538200,0.0075606339334612725,23.0
539100,0.0078301779573833052,23.0
540000,0.010080979358085359,23.0
540900,0.006840302444043312,23.0
541800,0.011762602201922247,23.0
542700,0.016236701112364485,23.0
543600,0.016310470747031198,23.0
544500,0.011787176502116314,23.0
545400,0.019482704590787193,23.0
546300,0.011660710966050643,23.0
547200,0.0091459545927125487,23.0
548100,0.014380669236974144,23.0
549000,0.018332527674481697,23.0
549900,0.016190617144504531,23.0
550800,0.016953280069203148,23.0
551700,0.013396980440407521,23.0
552600,0.014121497304510651,23.0
553500,0.018253808101740078,23.0
554400,0.0148636169867556,23.0
555300,0.013244978261911906,23.0
556200,0.020423893518451884,23.0
557100,0.01750324411220262,23.0
558000,0.5704129693229526,23.0
558900,1.9354233698229844,23.0
559800,1.714173778766144,23.0
560700,0.61791921759651824,23.0
561600,0.40961172591002126,23.0
562500,0.32179729553451358,23.0
563400,0.31485176466793485,23.0
564300,0.30942374908419756,23.0
565200,0.31205588188439398,23.0
566100,0.34028999033897511,23.0
567000,0.44659326093418183,23.0
567900,0.42554815270989688,23.0
568800,0.39698494233691151,23.0
569700,0.37161049271120317,23.0
570600,0.3684790551706284,23.0
571500,0.35510030056986275,23.0
572400,1.1208209200566694,23.0
573300,1.5251082240637164,23.0
574200,1.5249899905130873,23.0
575100,1.526046644385032,23.0
576000,1.5246513670782731,23.0
576900,1.4198040337259537,23.0
577800,1.4193362242634011,23.0
578700,0.36219546709595368,23.0
579600,0.020963624608749173,23.0
580500,0.013654216398161705,23.0
581400,0.015811620871756516,23.0
582300,0.0081589467269740472,23.0
583200,0.014279977672223686,23.0
584100,0.014880421509063151,23.0
585000,0.0092285367191444149,23.0
585900,0.0091993848482833235,23.0
586800,0.015430979347050133,23.0
587700,0.013110105853482554,23.0
588600,0.010842531240125255,23.0
589500,0.013920673081754601,23.0
590400,0.011425466921716811,23.0
591300,0.0094864993035369966,23.0
592200,0.0087529911985496592,23.0
593100,0.0088733608728594707,23.0
594000,0.010725046866123021,23.0
594900,0.01601393009225837,23.0
595800,0.0080498308038201519,23.0
596700,0.015143669369533647,23.0
597600,0.011377747772157564,23.0
598500,0.01016849531494817,23.0
599400,0.015809356574948676,23.0
600300,0.0075161436600950041,23.0
601200,0.01193647877880605,23.0
602100,0.015913216831853278,23.0
603000,0.01268119930386705,23.0
603900,0.018536122569114188,23.0
0,0.024572992456965155,41.0
900,0.010383099393141663,41.0
1800,0.022226379001654171,41.0
2700,0.008283418857388241,41.0
3600,0.016784671160427807,41.0
4500,0.019129129311164662,41.0
5400,0.0086928940382400791,41.0
6300,0.0075898117333699491,41.0
7200,0.015499846473303359,41.0
8100,0.014411161967010505,41.0
9000,0.0088009962451455342,41.0
9900,0.011806472115226757,41.0
10800,0.023745373954517937,41.0
11700,0.011690988601478408,41.0
12600,0.0087691687594368632,41.0
13500,0.017848110556823452,41.0
14400,0.013093308687488408,41.0
15300,0.028557857949007052,41.0
16200,0.019605500409338106,41.0
17100,0.0064735423026786656,41.0
18000,0.0076109618703437635,41.0
18900,0.018193850243472476,41.0
19800,0.025807878159146272,41.0
20700,0.010136953592818189,41.0
21600,0.036592480056190257,41.0
22500,0.025598254818577523,41.0
23400,0.033228064435410563,41.0
24300,0.051313895195068494,41.0
25200,0.053150726999273736,41.0
26100,0.041113414782713083,41.0
27000,0.056955483463281643,41.0
27900,0.043036098641702901,41.0
28800,0.044402366262118444,41.0
29700,0.047055224321095115,41.0
30600,0.044524278349033428,41.0
31500,0.20357433564952654,41.0
32400,0.045930937198551722,41.0
33300,0.060127836027805817,41.0
34200,0.041517652890310015,41.0
35100,0.059625625961522329,41.0
36000,0.07402253526734516,41.0
36900,0.3485092251162068,41.0
37800,0.33454155826163462,41.0
38700,0.32951265174525701,41.0
39600,0.34855432840802092,41.0
40500,0.32502182140850988,41.0
41400,0.26177509301025109,41.0
42300,0.30211134500480885,41.0
43200,0.30421304723527504,41.0
44100,0.22731825567842781,41.0
45000,0.11164953461080365,41.0
45900,0.1278085243174894,41.0
46800,0.11694845873360402,41.0
47700,0.14922325163607239,41.0
48600,0.16464095912205662,41.0
49500,0.16481243548108357,41.0
50400,0.17677012456177424,41.0
51300,0.15754951170674111,41.0
52200,0.15840318294561775,41.0
53100,0.026490287032070289,41.0
54000,0.032136117624505078,41.0
54900,0.029867670720842388,41.0
55800,0.040871018268956366,41.0
56700,0.033051855438430422,41.0
57600,0.081003365628648114,41.0
58500,0.32981738735086324,41.0
59400,0.43756398240678906,41.0
60300,0.43227670631460779,41.0
61200,0.4349799131502215,41.0
62100,0.43960383079147219,41.0
63000,0.44139295921957766,41.0
63900,0.3979062941737036,41.0
64800,0.27228834522466977,41.0
65700,0.16820697706465132,41.0
66600,0.15145095493514685,41.0
67500,0.17673734325214255,41.0
68400,0.15288262675725614,41.0
69300,0.13379627860404228,41.0
70200,0.096785396439596147,41.0
71100,0.061018941345393644,41.0
72000,0.072348951046541779,41.0
72900,0.04295327682474985,41.0
73800,0.037753784305374571,41.0
74700,0.013507908750323254,41.0
75600,0.02725283563754452,41.0
76500,0.029874484306251548,41.0
77400,0.041083854076482421,41.0
78300,0.045482377415182733,41.0
79200,0.037216530062214329,41.0
80100,0.038741161463965987,41.0
81000,0.036342882976266817,41.0
81900,0.040185887829343556,41.0
82800,0.085420584732108229,41.0
83700,0.031065761025876486,41.0
84600,0.042179325239088197,41.0
85500,0.040882759334471316,41.0
86400,0.024792145178129527,41.0
87300,0.23848031856760604,41.0
88200,0.23984327026937835,41.0
89100,0.25406224169065633,41.0
90000,0.25659099621716053,41.0
90900,0.24902545528482406,41.0
91800,0.24739206180316248,41.0
92700,0.25400740332921612,41.0
93600,0.1072843823280594,41.0
94500,0.12558426031548187,41.0
95400,0.11740801400681926,41.0
96300,0.11518398933764891,41.0
97200,0.14608595138320252,41.0
98100,0.12230673256610321,41.0
99000,0.1316316546126016,41.0
99900,0.11011419247366551,41.0
100800,0.10323423992110284,41.0
101700,0.10349481555024327,41.0
102600,0.10948976266846089,41.0
103500,0.11982708349094902,41.0
104400,0.10712655647997121,41.0
105300,0.11575154487247584,41.0
106200,0.11037173360917195,41.0
107100,0.097246765686519326,41.0
108000,0.10642066712874426,41.0
108900,0.096581933003950099,41.0
109800,0.12447106168533835,41.0
110700,0.15313634806660614,41.0
111600,0.15360676712871599,41.0
112500,0.14995475712035117,41.0
113400,0.15101688962667167,41.0
114300,0.13851625398047338,41.0
115200,0.12876938883294081,41.0
116100,0.13635075324020976,41.0
117000,0.14938511333670071,41.0
117900,0.13482557291680894,41.0
118800,0.14170124313782781,41.0
119700,0.14291516442452734,41.0
120600,0.16072696641753764,41.0
121500,0.58424984289713588,41.0
122400,0.5883517424111574,41.0
123300,0.6088323333980824,41.0
124200,0.59309673336699686,41.0
125100,0.59796538391573473,41.0
126000,0.14337775966328001,41.0
126900,0.17592091514226371,41.0
127800,0.17815479404441975,41.0
128700,0.15421066641216277,41.0
129600,0.12437718735407137,41.0
130500,0.52914762565497009,41.0
131400,0.50301729285345742,41.0
132300,0.48968815955582379,41.0
133200,0.59588894271329096,41.0
134100,0.61086949780855659,41.0
135000,0.6753072529735894,41.0
135900,0.67960655478842891,41.0
136800,0.69406390594362988,41.0
137700,0.67809508592464252,41.0
138600,0.44415804166928696,41.0
139500,0.53911916068500954,41.0
140400,0.55094416198068519,41.0
141300,0.41032034933191774,41.0
142200,0.46231721808678999,41.0
143100,0.52289522162542601,41.0
144000,0.33297274239644487,41.0
144900,0.36756566147778175,41.0
145800,0.36025774668113592,41.0
146700,0.35700988793856625,41.0
147600,0.37429240148615095,41.0
148500,0.37068128131853872,41.0
149400,0.41865469896978402,41.0
150300,0.55686278818922452,41.0
151200,0.55438386988822319,41.0
152100,0.56341166734974779,41.0
153000,0.47274187451107441,41.0
153900,0.60751917744054784,41.0
154800,0.63570168374720781,41.0
155700,0.57230499620961239,41.0
156600,0.57063033623930981,41.0
157500,0.5902446197525778,41.0
158400,0.51800207558665468,41.0
159300,0.63373531711562969,41.0
160200,0.64805009757425491,41.0
161100,0.64179626441640436,41.0
162000,0.64832286227134761,41.0
162900,0.63573818294514395,41.0
163800,0.63840240167195983,41.0
164700,0.52574496037662366,41.0
165600,0.46256449835641372,41.0
166500,0.88174665312602896,41.0
167400,0.92230431352903386,41.0
168300,0.35751470854601364,41.0
169200,0.2835860934496055,41.0
170100,0.29020301062958431,41.0
171000,0.28609304072429986,41.0
171900,0.26754170621502271,41.0
172800,0.34856703843025166,41.0
173700,0.33932743808102334,41.0
174600,0.34409261562075061,41.0
175500,0.34764375639710776,41.0
176400,0.34847075998114552,41.0
177300,0.34694537957637767,41.0
178200,0.34602786537643654,41.0
179100,0.34931399777379762,41.0
180000,0.35034915307021708,41.0
180900,0.13002823678528422,41.0
181800,0.15100707594672544,41.0
182700,0.14219799921701928,41.0
183600,0.17127479478600774,41.0
184500,0.13547674958417974,41.0
185400,0.22659840920332949,41.0
186300,0.13547770313856333,41.0
187200,0.15007817166345633,41.0
188100,0.13714756355745278,41.0
189000,0.15169825145233198,41.0
189900,0.095398658798199309,41.0
190800,0.1113107541892347,41.0
191700,0.13430870562339864,41.0
192600,0.12879125232578228,41.0
193500,0.118198955356696,41.0
194400,0.12942646521355572,41.0
195300,0.11032422736225039,41.0
196200,0.13325347793904485,41.0
197100,0.12694135973074797,41.0
198000,0.12621289865071786,41.0
198900,0.15024513717421809,41.0
199800,0.11425398161753091,41.0
200700,0.12833315454788499,41.0
201600,0.14420264504194261,41.0
202500,0.18207875288814254,41.0
203400,0.153355741366102,41.0
204300,0.097963853237404225,41.0
205200,0.11985795662766711,41.0
206100,0.16013245874417698,41.0
207000,0.14655251571250485,41.0
207900,0.14292235482608037,41.0
208800,0.13251392400470041,41.0
209700,0.14546535228804375,41.0
210600,0.12788097711811422,41.0
211500,0.13500341531709104,41.0
212400,0.17688959341657498,41.0
213300,0.13780354192370531,41.0
214200,0.094451165579794258,41.0
215100,0.13520690903681784,41.0
216000,0.14697388458401286,41.0
216900,0.65713709608350446,41.0
217800,0.66021496613211939,41.0
218700,0.67094296378606555,41.0
219600,0.71556869338033025,41.0
220500,1.8131141500841814,41.0
221400,2.3326814161005944,41.0
222300,2.149048014820313,41.0
223200,2.1635436778021435,41.0
224100,2.2002427692827502,41.0
225000,2.2603257411669917,41.0
225900,1.3854736878039506,41.0
226800,0.49764700967787134,41.0
227700,0.51404139093798284,41.0
228600,0.12617120456467917,41.0
229500,0.15397479892916782,41.0
230400,0.15097185511421735,41.0
231300,0.17412086271284197,41.0
232200,0.14968774255724338,41.0
233100,0.1356195198251163,41.0
234000,0.12554592044711507,41.0
234900,0.63583420319739647,41.0
235800,0.13468192062447931,41.0
236700,0.033618576895906742,41.0
237600,0.032296231566929519,41.0
238500,0.047393839322779963,41.0
239400,0.034302752961615481,41.0
240300,0.036685130393456056,41.0
241200,0.046989705504876182,41.0
242100,0.051646080724030048,41.0
243000,0.040211654792364708,41.0
243900,0.039889228439407697,41.0
244800,0.03714733758419745,41.0
245700,0.044927953016489407,41.0
246600,0.044668298123854026,41.0
247500,0.049737758627458717,41.0
248400,0.047702119745650612,41.0
249300,0.037097167992715098,41.0
250200,0.037513699147293675,41.0
251100,0.036820196630856339,41.0
252000,0.037606229131737244,41.0
252900,0.03824557122404363,41.0
253800,0.038796571135773755,41.0
254700,0.039187735594871265,41.0
255600,0.03776293225050658,41.0
256500,0.045209301398160304,41.0
257400,0.11529505992917838,41.0
258300,0.1114921439026625,41.0
259200,0.11412311294520215,41.0
260100,0.11149227456171391,41.0
261000,0.1122282091726419,41.0
261900,0.1277402822226969,41.0
262800,0.14021465436056854,41.0
263700,0.1362160627876968,41.0
264600,0.12943342696236196,41.0
265500,0.13246258870750546,41.0
266400,0.13254711559509677,41.0
267300,0.13222757426140858,41.0
268200,0.13997719401661554,41.0
269100,0.13930038124460473,41.0
270000,0.14248448489177234,41.0
270900,0.11831315344865019,41.0
271800,0.1424758761808364,41.0
272700,0.14685110361198689,41.0
273600,0.14566609479488019,41.0
274500,0.14753605659881969,41.0
275400,0.1232081886260762,41.0
276300,0.14673995741775206,41.0
277200,0.13137729768907597,41.0
278100,0.14182553991271446,41.0
279000,0.14782834696812353,41.0
279900,0.13031293111619657,41.0
280800,0.1321424968736192,41.0
281700,0.13319629505093578,41.0
282600,0.14011678065259023,41.0
283500,0.13094081609079097,41.0
284400,0.14659742422702146,41.0
285300,0.13702557760666392,41.0
286200,0.14294406306044463,41.0
287100,0.07364458472174297,41.0
288000,0.13401879621391569,41.0
288900,0.01948920328697961,41.0
289800,0.023360425050080371,41.0
290700,0.035517069698885358,41.0
291600,0.022668025527482621,41.0
292500,0.037309420057228038,41.0
293400,0.040487613536364889,41.0
294300,0.018341785225710467,41.0
295200,0.030840934859145675,41.0
296100,0.041058106861085561,41.0
297000,0.030112588989697344,41.0
297900,0.039659143920502897,41.0
298800,0.023316584341507681,41.0
299700,0.032364700722219884,41.0
300600,0.043170062738218301,41.0
301500,0.033256556729594773,41.0
302400,0.016693202827845619,41.0
303300,0.029467791618282318,41.0
304200,0.035006332652454036,41.0
305100,0.68204090589980726,41.0
306000,0.66573108493467814,41.0
306900,0.66122405922914529,41.0
307800,0.67322272272923667,41.0
308700,0.65150334113365116,41.0
309600,0.65223473456549108,41.0
310500,0.13948069061233651,41.0
311400,0.14374014147865072,41.0
312300,0.16205842346786328,41.0
313200,0.12225118658990559,41.0
314100,0.1647647832326431,41.0
315000,0.16918324349608421,41.0
315900,0.16171051037140052,41.0
316800,0.1557045227895581,41.0
317700,0.16334436853416501,41.0
318600,0.18164938609884737,41.0
319500,0.1909950124256948,41.0
320400,0.17775179287962037,41.0
321300,0.17259414418281036,41.0
322200,0.16965476720347139,41.0
323100,0.18092990285223617,41.0
324000,0.17009458325587029,41.0
324900,0.050308915350457638,41.0
325800,0.030113263251966345,41.0
326700,0.0092754056132037348,41.0
327600,0.010719678350156994,41.0
328500,0.046220258932416436,41.0
329400,0.035079758678949247,41.0
330300,0.032885486337359562,41.0
331200,0.036694192852910631,41.0
332100,0.0094007178457040791,41.0
333000,0.0097705622271018599,41.0
333900,0.020442562475413567,41.0
334800,0.007890635200562433,41.0
335700,0.013422117120248267,41.0
336600,0.015873587185284761,41.0
337500,0.031499872676285699,41.0
338400,0.024756889255083975,41.0
339300,0.015091378163707852,41.0
340200,0.0061791462129548074,41.0
341100,0.017395157454934505,41.0
342000,0.01392469644887841,41.0
342900,0.029663412327281286,41.0
343800,0.014685230911429653,41.0
344700,0.013794552222732147,41.0
345600,0.017699443588104189,41.0
346500,0.0085966544436141216,41.0
347400,0.021861727771346932,41.0
348300,0.013976812755761335,41.0
349200,0.0061320230398215839,41.0
350100,0.0099502792730540961,41.0
351000,0.020296224891493526,41.0
351900,0.023607993308633401,41.0
352800,0.026709614918750353,41.0
353700,0.025947053027415647,41.0
354600,0.015353759858941701,41.0
355500,0.027564549665550876,41.0
356400,0.019034270363665218,41.0
357300,0.0097796114477661494,41.0
358200,0.017912228701862497,41.0
359100,0.013004325081122639,41.0
360000,0.019862592441592664,41.0
360900,0.01109488568264645,41.0
361800,0.02633937503516184,41.0
362700,0.016692187033881159,41.0
363600,0.024608271906151634,41.0
364500,0.016287590086225996,41.0
365400,0.01599034618642136,41.0
366300,0.016253678492738233,41.0
367200,0.015182861041752337,41.0
368100,0.020013381592268568,41.0
369000,0.010211911052165699,41.0
369900,0.017343550578199085,41.0
370800,0.015091603339053109,41.0
371700,0.028940772459473355,41.0
372600,0.03856415006342595,41.0
373500,0.06729184342625355,41.0
374400,0.1008938922889419,41.0
375300,0.10253532634990845,41.0
376200,0.099209955471137826,41.0
377100,0.293536036001522,41.0
378000,0.16747592750630716,41.0
378900,0.15410763256582399,41.0
379800,0.15541288802192021,41.0
380700,0.17493843528517516,41.0
381600,0.16284828711136731,41.0
382500,0.16411936430063526,41.0
383400,0.18017488820036309,41.0
384300,0.067103628058790485,41.0
385200,0.065223641571478586,41.0
386100,0.18876264085933012,41.0
387000,0.1940006526138125,41.0
387900,0.23569586804921014,41.0
388800,0.16662284023121798,41.0
389700,0.17693649286355806,41.0
390600,0.17727221258365311,41.0
391500,0.18298183869964882,41.0
392400,0.17202114285445735,41.0
393300,0.16809776652083122,41.0
394200,0.17024257884224664,41.0
395100,0.16555399873072546,41.0
396000,0.18488467792546281,41.0
396900,0.18517741233055302,41.0
397800,0.17664125092008082,41.0
398700,0.22413629386038691,41.0
399600,0.11096449118218651,41.0
400500,0.1325449490970744,41.0
401400,0.12879388126507899,41.0
402300,0.12904988253042216,41.0
403200,0.035114797750611611,41.0
404100,0.065166600902757096,41.0
405000,0.044966555053185871,41.0
405900,0.028999796917686827,41.0
406800,0.027183545033487293,41.0
407700,0.027893132048383753,41.0
408600,0.020991126002938506,41.0
409500,0.029352443943689719,41.0
410400,0.038189839924751501,41.0
411300,0.019853193527672355,41.0
412200,0.018618605026950882,41.0
413100,0.040433562636237624,41.0
414000,0.053930677460039093,41.0
414900,0.16863663111507862,41.0
415800,0.19318893666679102,41.0
416700,0.19254710816931947,41.0
417600,0.18819792247178616,41.0
418500,0.11379511784954907,41.0
419400,0.078159907175129828,41.0
420300,0.032314037048290382,41.0
421200,0.032852717454700614,41.0
422100,0.011031373550587142,41.0
423000,0.024890454023512108,41.0
423900,0.019216118644945795,41.0
424800,0.033639866677193909,41.0
425700,0.043130705709377812,41.0
426600,0.043316431116524251,41.0
427500,0.045663746232480824,41.0
428400,0.048679528572565224,41.0
429300,0.036953381139169177,41.0
430200,0.01555805925182752,41.0
431100,0.030255128572649333,41.0
432000,0.045614159937983331,41.0
432900,0.026954352896095407,41.0
433800,0.028015115913556321,41.0
434700,0.033467544954328347,41.0
435600,0.028809111074882935,41.0
436500,0.032204496918787733,41.0
437400,0.031749852883605462,41.0
438300,0.026023045596482965,41.0
439200,0.04154287966669995,41.0
440100,0.021550357884914811,41.0
441000,0.031198401404192177,41.0
441900,0.030271647718949468,41.0
442800,0.023955556194090909,41.0
443700,0.014746638062500036,41.0
444600,0.019984852461180577,41.0
445500,0.030927139505571535,41.0
446400,0.017919815145296475,41.0
447300,0.028896316471270386,41.0
448200,0.019414826059460932,41.0
449100,0.010612242561580394,41.0
450000,0.014453622224829109,41.0
450900,0.0094327146595030598,41.0
451800,0.019456103362394683,41.0
452700,0.018313974250965499,41.0
453600,0.01096603445409557,41.0
454500,0.011257598695708601,41.0
455400,0.023746660546656414,41.0
456300,0.012317955524787755,41.0
457200,0.037489365323942758,41.0
458100,0.040772779960757746,41.0
459000,0.11403950701948329,41.0
459900,0.10381584373897006,41.0
460800,0.13494147811692944,41.0
461700,0.091477006365468738,41.0
462600,0.35823075833660101,41.0
463500,0.35494262710710567,41.0
464400,0.34882019979725748,41.0
465300,0.36236516060925361,41.0
466200,0.34083091190944914,41.0
467100,0.35070300257594894,41.0
468000,0.35423996865352592,41.0
468900,0.35983757971139058,41.0
469800,0.34078456148468761,41.0
470700,0.35290895044216347,41.0
471600,0.35447102216803517,41.0
472500,0.37824220944271109,41.0
473400,0.1435289055250431,41.0
474300,0.32701211222873161,41.0
475200,0.32998165773680682,41.0
476100,0.32535287837372812,41.0
477000,0.33203848276593034,41.0
477900,0.32120228454936611,41.0
478800,0.12633057711283424,41.0
479700,0.30697173880738921,41.0
480600,0.65893489260258109,41.0
481500,0.65389991765821109,41.0
482400,0.65931974000981153,41.0
483300,0.65287071002388997,41.0
484200,0.53697703844932576,41.0
485100,0.15212276751402173,41.0
486000,0.16577185100380443,41.0
486900,0.13921920192275805,41.0
487800,0.134699890796942,41.0
488700,0.10705994033944177,41.0
489600,0.099025391222224327,41.0
490500,0.13775013693811428,41.0
491400,0.13014381786726717,41.0
492300,0.15438176350440533,41.0
493200,0.14693416276781263,41.0
494100,0.1764363773038912,41.0
495000,0.18162531887728453,41.0
495900,0.18438082778993645,41.0
496800,0.17403827913532408,41.0
497700,0.18784549188427083,41.0
498600,0.18468676981840171,41.0
499500,0.024028026559988879,41.0
500400,0.14492781816338599,41.0
501300,0.16519247469647733,41.0
502200,0.17384707308436242,41.0
503100,0.18007384197427795,41.0
504000,0.20135325946860991,41.0
504900,0.10232766673842021,41.0
505800,0.11973386233934831,41.0
506700,0.124703985600095,41.0
507600,0.14597388955592061,41.0
508500,0.14883585920774922,41.0
509400,0.031977172938374619,41.0
510300,0.037451867338271112,41.0
511200,0.048195931158320514,41.0
512100,0.028660034632240719,41.0
513000,0.033864431467276364,41.0
513900,0.039148521712700252,41.0
514800,0.028970042149846248,41.0
515700,0.048252159882391163,41.0
516600,0.033054554514972738,41.0
517500,0.037021974477132985,41.0
518400,0.048370827782786785,41.0
519300,0.040418995159779342,41.0
520200,0.034143991603106445,41.0
521100,0.022516431587722697,41.0
522000,0.043092860575501435,41.0
522900,0.040046365914754176,41.0
523800,0.035221776648954775,41.0
524700,0.045249337709723593,41.0
525600,0.043216500914817095,41.0
526500,0.035885912292197744,41.0
527400,0.032955595939325011,41.0
528300,0.040487328233864188,41.0
529200,0.048913168665589264,41.0
530100,0.0179721355798152,41.0
531000,0.044533302743979764,41.0
531900,0.036079716685867638,41.0
532800,0.034522591751667497,41.0
533700,0.032592829975320189,41.0
534600,0.033087485423106577,41.0
535500,0.040657220455355171,41.0
536400,0.04340916141994805,41.0
537300,0.034117347819675806,41.0
538200,0.026322561266897974,41.0
539100,0.058863885335625664,41.0
540000,0.041086014875554966,41.0
540900,0.029995908765423504,41.0
541800,0.031905920920716334,41.0
542700,0.13705243544100909,41.0
543600,0.57219781313817863,41.0
544500,0.5672597791270062,41.0
545400,0.5420999638896018,41.0
546300,0.52572311465629895,41.0
547200,0.20059233456034722,41.0
548100,0.22092847494788506,41.0
549000,0.20784162527446171,41.0
549900,0.21071925499996907,41.0
550800,0.2741975608491598,41.0
551700,0.31098228611010803,41.0
552600,0.29487973224973635,41.0
553500,0.29005152265867801,41.0
554400,0.29550535439875653,41.0
555300,0.28212492559682134,41.0
556200,0.37972543244508988,41.0
557100,0.28885165613349667,41.0
558000,0.6117360524910388,41.0
558900,0.66013613794525605,41.0
559800,0.66286665955263102,41.0
560700,0.23336105677375335,41.0
561600,0.2144640500507638,41.0
562500,0.52103951354827382,41.0
563400,0.53445298778725348,41.0
564300,0.51225215210499531,41.0
565200,0.51061192472794825,41.0
566100,0.52233940162204184,41.0
567000,0.52379971787713342,41.0
567900,0.28410434645004934,41.0
568800,0.31242913534549011,41.0
569700,0.30325079059405463,41.0
570600,0.30107645468551897,41.0
571500,0.32402218926206927,41.0
572400,0.30287360304120614,41.0
573300,0.53910054289044151,41.0
574200,0.64697829513306038,41.0
575100,0.68076954189416772,41.0
576000,0.43518985257746506,41.0
576900,0.44696209442036866,41.0
577800,0.44406860524066188,41.0
578700,0.45597396783402266,41.0
579600,0.43526571464858343,41.0
580500,0.41890160299427753,41.0
581400,0.3968087068324187,41.0
582300,0.41211973933446372,41.0
583200,0.30996776094447942,41.0
584100,0.30358479041022396,41.0
585000,0.24526710737739782,41.0
585900,0.12349573358665319,41.0
586800,0.28893270975808932,41.0
587700,0.34718665275955818,41.0
588600,0.34047308949257066,41.0
589500,0.18313432929784909,41.0
590400,0.17546406817086616,41.0
591300,0.16395511345110281,41.0
592200,0.17687231784543439,41.0
593100,0.14874558595101381,41.0
594000,0.040691748863862183,41.0
594900,0.022338014807240885,41.0
595800,0.018680393933068046,41.0
596700,0.0098724931217735509,41.0
597600,0.014322520091183016,41.0
598500,0.037806916917342351,41.0
599400,0.032839107416416172,41.0
600300,0.022060164770577796,41.0
601200,0.025072608379805333,41.0
602100,0.041086760370161166,41.0
603000,0.043361171914440971,41.0
603900,0.0098380345596344922,41.0
